SOL 0 2 20 24 30 33 52 55 70 72 81 83 93 103 106 118 121 131 141 143 152 154 169 172 191 194 200 204 222 224
SOL 0 2 21 24 41 43 51 54 63 73 79 82 90 92 109 115 132 134 142 145 151 161 170 173 181 183 200 203 222 224
SOL 0 2 21 24 41 43 51 54 63 73 79 82 92 104 109 115 120 132 142 145 151 161 170 173 181 183 200 203 222 224
SOL 0 2 22 23 30 40 47 51 70 71 76 88 95 99 108 116 125 129 136 148 153 154 173 177 184 194 201 202 222 224
SOL 0 2 22 24 39 41 49 51 72 74 79 83 91 101 106 118 123 133 141 145 150 152 173 175 183 185 200 202 222 224
SOL 0 3 25 28 36 37 50 55 62 65 86 87 90 91 111 113 133 134 137 138 159 162 169 174 187 188 196 199 221 224
SOL 0 4 21 24 34 43 52 54 71 73 77 81 90 93 107 117 131 134 143 147 151 153 170 172 181 190 200 203 220 224
SOL 0 4 21 24 40 43 52 54 71 73 77 81 90 93 107 117 131 134 143 147 151 153 170 172 181 184 200 203 220 224
SOL 0 4 23 28 35 43 49 54 71 74 81 82 92 101 107 117 123 132 142 143 150 153 170 175 181 189 196 201 220 224
SOL 0 4 24 28 34 39 52 58 63 72 77 83 90 101 111 113 123 134 141 147 152 161 166 172 185 190 196 200 220 224
SOL 0 5 18 23 40 42 53 55 63 67 76 89 99 102 106 118 122 125 135 148 157 161 169 171 182 184 201 206 219 224
SOL 0 5 21 25 39 41 47 49 68 71 82 88 90 92 106 118 132 134 136 142 153 156 175 177 183 185 199 203 219 224
SOL 0 5 23 25 40 42 47 53 63 71 76 82 90 99 106 118 125 134 142 148 153 161 171 177 182 184 199 201 219 224
SOL 0 6 17 21 40 41 49 50 71 73 82 84 103 104 107 117 120 121 140 142 151 153 174 175 183 184 203 207 218 224
SOL 0 6 19 25 35 37 53 58 65 72 78 88 90 92 108 116 132 134 136 146 152 159 166 171 187 189 199 205 218 224
SOL 0 6 19 25 39 41 47 51 71 74 82 84 91 92 106 118 132 133 140 142 150 153 173 177 183 185 199 205 218 224
SOL 0 6 20 22 33 42 49 55 72 73 75 83 101 103 110 114 121 123 141 149 151 152 169 175 182 191 202 204 218 224
SOL 0 6 21 28 34 39 45 54 71 73 78 79 92 97 107 117 127 132 145 146 151 153 170 179 185 190 196 203 218 224
SOL 0 6 22 24 33 36 55 57 61 63 87 89 91 100 110 114 124 133 135 137 161 163 167 169 188 191 200 202 218 224
SOL 0 6 22 24 33 36 55 57 63 73 75 87 91 100 110 114 124 133 137 149 151 161 167 169 188 191 200 202 218 224
SOL 0 6 22 24 34 36 56 58 71 74 77 79 91 99 107 117 125 133 145 147 150 153 166 168 188 190 200 202 218 224
SOL 0 6 22 24 35 43 56 58 71 74 79 81 92 100 107 117 124 132 143 145 150 153 166 168 181 189 200 202 218 224
SOL 0 6 24 26 36 40 50 52 61 73 77 79 90 101 107 117 123 134 145 147 151 163 172 174 184 188 198 200 218 224
SOL 0 6 24 27 39 41 46 49 70 74 81 82 91 93 107 117 131 133 142 143 150 154 175 178 183 185 197 200 218 224
SOL 0 6 25 27 30 36 49 57 65 67 86 88 91 93 110 114 131 133 136 138 157 159 167 175 188 194 197 199 218 224
SOL 0 6 25 27 35 37 51 55 60 62 86 88 91 95 108 116 129 133 136 138 162 164 169 173 187 189 197 199 218 224
SOL 0 6 25 27 35 37 51 55 60 72 86 88 91 95 108 116 129 133 136 138 152 164 169 173 187 189 197 199 218 224
SOL 0 6 26 28 35 40 49 53 60 62 87 88 97 99 108 116 125 127 136 137 162 164 171 175 184 189 196 198 218 224
SOL 0 8 20 22 33 42 49 55 62 73 83 89 101 103 110 114 121 123 135 141 151 162 169 175 182 191 202 204 216 224
SOL 0 8 22 24 33 42 49 55 62 73 83 89 101 103 110 114 121 123 135 141 151 162 169 175 182 191 200 202 216 224
SOL 0 8 23 25 31 37 55 57 63 72 78 84 90 91 110 114 133 134 140 146 152 161 167 169 187 193 199 201 216 224
SOL 0 8 25 27 30 36 49 57 65 67 86 88 91 93 110 114 131 133 136 138 157 159 167 175 188 194 197 199 216 224
SOL 0 9 19 21 39 41 47 49 68 71 82 88 90 92 106 118 132 134 136 142 153 156 175 177 183 185 203 205 215 224
SOL 0 9 20 22 38 42 46 49 71 72 75 83 101 103 109 115 121 123 141 149 152 153 175 178 182 186 202 204 215 224
SOL 0 9 23 25 34 42 47 53 63 71 76 82 99 104 106 118 120 125 142 148 153 161 171 177 182 190 199 201 215 224
SOL 0 9 23 25 34 42 47 53 63 71 82 88 99 104 106 118 120 125 136 142 153 161 171 177 182 190 199 201 215 224
SOL 0 10 18 21 37 43 51 57 63 70 87 88 90 95 110 114 129 134 136 137 154 161 167 173 181 187 203 206 214 224
SOL 0 10 21 22 30 40 53 57 63 65 87 88 93 99 106 118 125 131 136 137 159 161 167 171 184 194 202 203 214 224
SOL 0 10 21 22 33 36 55 57 61 73 84 87 90 93 110 114 131 134 137 140 151 163 167 169 188 191 202 203 214 224
SOL 0 10 21 26 35 37 55 56 62 65 83 88 90 92 106 118 132 134 136 141 159 162 168 169 187 189 198 203 214 224
SOL 0 10 26 27 36 37 55 56 65 68 77 88 90 95 106 118 129 134 136 147 156 159 168 169 187 188 197 198 214 224
SOL 0 10 27 28 36 37 53 55 60 63 77 86 95 103 110 114 121 129 138 147 161 164 169 171 187 188 196 197 214 224
SOL 1 3 20 23 31 38 50 57 70 72 82 85 101 104 105 119 120 123 139 142 152 154 167 174 186 193 201 204 221 223
SOL 1 3 22 23 34 42 53 55 60 61 80 89 101 102 110 114 122 123 135 144 163 164 169 171 182 190 201 202 221 223
SOL 1 3 22 23 42 44 53 55 60 61 79 80 101 102 110 114 122 123 144 145 163 164 169 171 180 182 201 202 221 223
SOL 1 3 23 25 37 38 57 59 70 72 78 80 91 104 110 114 120 133 144 146 152 154 165 167 186 187 199 201 221 223
SOL 1 3 24 25 36 38 57 59 70 72 75 78 91 97 110 114 127 133 146 149 152 154 165 167 186 188 199 200 221 223
SOL 1 4 17 24 36 37 53 59 62 64 86 88 90 93 110 114 131 134 136 138 160 162 165 171 187 188 200 207 220 223
SOL 1 4 19 21 39 42 45 53 63 71 80 82 90 92 106 118 132 134 142 144 153 161 171 179 182 185 203 205 220 223
SOL 1 4 20 24 33 37 53 57 64 74 83 87 90 93 106 118 131 134 137 141 150 160 167 171 187 191 200 204 220 223
SOL 1 4 21 26 35 37 46 57 64 71 81 87 90 104 110 114 120 134 137 143 153 160 167 178 187 189 198 203 220 223
SOL 1 4 22 23 33 41 45 51 72 73 75 84 94 102 110 114 122 130 140 149 151 152 173 179 183 191 201 202 220 223
SOL 1 4 22 24 34 36 54 57 61 63 75 87 98 101 105 119 123 126 137 149 161 163 167 170 188 190 200 202 220 223
SOL 1 4 23 24 37 43 49 57 60 66 77 86 101 104 110 114 120 123 138 147 158 164 167 175 181 187 200 201 220 223
SOL 1 4 23 26 34 37 50 56 61 72 75 80 90 102 111 113 122 134 144 149 152 163 168 174 187 190 198 201 220 223
SOL 1 4 23 29 32 38 49 57 67 73 78 84 93 104 110 114 120 131 140 146 151 157 167 175 186 192 195 201 220 223
SOL 1 4 23 29 34 37 47 53 61 71 80 86 92 104 110 114 120 132 138 144 153 163 171 177 187 190 195 201 220 223
SOL 1 4 24 27 36 37 53 59 62 64 86 88 90 93 110 114 131 134 136 138 160 162 165 171 187 188 197 200 220 223
SOL 1 5 21 23 32 35 55 57 67 70 78 88 90 104 108 116 120 134 136 146 154 157 167 169 189 192 201 203 219 223
SOL 1 5 21 23 39 40 45 49 67 72 76 78 90 102 108 116 122 134 146 148 152 157 175 179 184 185 201 203 219 223
SOL 1 5 23 25 33 42 45 50 68 71 82 89 91 92 109 115 132 133 135 142 153 156 174 179 182 191 199 201 219 223
SOL 1 5 23 29 32 35 53 55 67 70 78 88 90 92 108 116 132 134 136 146 154 157 169 171 189 192 195 201 219 223
SOL 1 6 19 22 34 41 58 59 60 69 84 87 93 96 107 117 128 131 137 140 155 164 165 166 183 190 202 205 218 223
SOL 1 6 19 25 35 38 56 58 60 62 78 80 97 104 107 117 120 127 144 146 162 164 166 168 186 189 199 205 218 223
SOL 1 6 19 25 39 43 51 56 60 62 78 80 97 104 107 117 120 127 144 146 162 164 168 173 181 185 199 205 218 223
SOL 1 6 19 29 33 42 53 54 71 74 80 82 91 92 109 115 132 133 142 144 150 153 170 171 182 191 195 205 218 223
SOL 1 6 20 25 40 42 46 51 65 67 75 78 102 104 108 116 120 122 146 149 157 159 173 178 182 184 199 204 218 223
SOL 1 6 25 29 38 41 49 50 72 74 82 84 91 93 107 117 131 133 140 142 150 152 174 175 183 186 195 199 218 223
SOL 1 7 19 24 34 43 54 57 60 63 75 87 96 98 108 116 126 128 137 149 161 164 167 170 181 190 200 205 217 223
SOL 1 7 19 26 36 39 51 56 62 74 79 88 90 92 110 114 132 134 136 145 150 162 168 173 185 188 198 205 217 223
SOL 1 7 20 27 30 35 53 55 70 72 75 78 93 96 106 118 128 131 146 149 152 154 169 171 189 194 197 204 217 223
SOL 1 7 21 25 34 39 45 51 62 65 86 88 92 104 108 116 120 132 136 138 159 162 173 179 185 190 199 203 217 223
SOL 1 7 23 25 32 35 53 58 65 70 75 78 90 92 108 116 132 134 146 149 154 159 166 171 189 192 199 201 217 223
SOL 1 7 23 25 33 35 51 59 70 72 76 78 102 104 110 114 120 122 146 148 152 154 165 173 189 191 199 201 217 223
SOL 1 8 18 25 31 37 50 53 60 70 77 80 93 102 105 119 122 131 144 147 154 164 171 174 187 193 199 206 216 223
SOL 1 8 18 25 37 43 50 53 60 70 77 80 93 102 105 119 122 131 144 147 154 164 171 174 181 187 199 206 216 223
SOL 1 8 19 20 38 41 47 59 64 71 82 89 102 103 110 114 121 122 135 142 153 160 165 177 183 186 204 205 216 223
SOL 1 8 19 25 36 39 46 48 72 74 84 86 90 97 107 117 127 134 138 140 150 152 176 178 185 188 199 205 216 223
SOL 1 8 20 22 41 42 53 55 60 61 79 87 90 93 110 114 131 134 137 145 163 164 169 171 182 183 202 204 216 223
SOL 1 8 20 29 38 42 52 54 63 64 87 89 91 93 109 115 131 133 135 137 160 161 170 172 182 186 195 204 216 223
SOL 1 8 23 24 33 41 50 52 61 62 87 89 90 100 109 115 124 134 135 137 162 163 172 174 183 191 200 201 216 223
SOL 1 8 24 25 33 36 52 55 61 62 87 89 90 93 110 114 131 134 135 137 162 163 169 172 188 191 199 200 216 223
SOL 1 9 18 21 37 40 48 54 70 74 76 77 92 104 111 113 120 132 147 148 150 154 170 176 184 187 203 206 215 223
SOL 1 10 16 24 36 41 51 59 63 69 77 82 100 104 107 117 120 124 142 147 155 161 165 173 183 188 200 208 214 223
SOL 1 10 20 22 38 42 48 50 68 72 75 79 91 93 105 119 131 133 145 149 152 156 174 176 182 186 202 204 214 223
SOL 1 10 20 23 32 41 45 53 71 73 79 82 102 104 110 114 120 122 142 145 151 153 171 179 183 192 201 204 214 223
SOL 1 10 24 28 36 41 51 59 63 69 77 82 100 104 107 117 120 124 142 147 155 161 165 173 183 188 196 200 214 223
SOL 1 11 19 23 33 34 53 57 60 69 80 82 90 92 106 118 132 134 142 144 155 164 167 171 190 191 201 205 213 223
SOL 1 11 20 23 31 38 50 57 70 72 82 85 101 104 105 119 120 123 139 142 152 154 167 174 186 193 201 204 213 223
SOL 1 11 21 22 32 40 49 51 73 74 75 84 92 93 110 114 131 132 140 149 150 151 173 175 184 192 202 203 213 223
SOL 1 11 21 23 32 33 54 55 67 70 75 88 92 104 110 114 120 132 136 149 154 157 169 170 191 192 201 203 213 223
SOL 1 11 21 23 37 40 45 49 71 72 80 84 90 92 106 118 132 134 140 144 152 153 175 179 184 187 201 203 213 223
SOL 1 11 22 23 34 42 50 55 61 72 75 80 90 101 111 113 123 134 144 149 152 163 169 174 182 190 201 202 213 223
SOL 1 11 22 24 34 41 47 51 69 72 75 89 94 96 106 118 128 130 135 149 152 155 173 177 183 190 200 202 213 223
SOL 1 12 20 22 38 42 45 50 68 71 75 79 101 103 109 115 121 123 145 149 153 156 174 179 182 186 202 204 212 223
SOL 1 12 20 22 38 42 49 50 68 71 75 89 91 93 109 115 131 133 135 149 153 156 174 175 182 186 202 204 212 223
SOL 1 12 20 22 38 42 49 50 68 71 75 89 101 103 109 115 121 123 135 149 153 156 174 175 182 186 202 204 212 223
SOL 1 12 22 23 41 42 53 55 60 61 79 80 90 101 110 114 123 134 144 145 163 164 169 171 182 183 201 202 212 223
SOL 2 3 23 25 37 39 47 58 66 70 75 76 90 99 108 116 125 134 148 149 154 158 166 177 185 187 199 201 221 222
SOL 2 3 24 25 36 42 52 55 61 63 75 89 96 103 110 114 121 128 135 149 161 163 169 172 182 188 199 200 221 222
SOL 2 4 21 25 35 41 47 51 71 74 82 84 103 104 106 118 120 121 140 142 150 153 173 177 183 189 199 203 220 222
SOL 2 4 22 23 33 35 45 53 63 72 75 80 94 103 106 118 121 130 144 149 152 161 171 179 189 191 201 202 220 222
SOL 2 4 22 23 35 41 45 53 63 72 75 88 94 95 106 118 129 130 136 149 152 161 171 179 183 189 201 202 220 222
SOL 2 4 22 24 32 36 54 56 61 66 75 85 93 103 105 119 121 131 139 149 158 163 168 170 188 192 200 202 220 222
SOL 2 4 22 24 32 36 54 56 61 66 75 89 101 103 109 115 121 123 135 149 158 163 168 170 188 192 200 202 220 222
SOL 2 4 22 24 32 36 54 56 61 66 85 89 91 93 105 119 131 133 135 139 158 163 168 170 188 192 200 202 220 222
SOL 2 4 22 24 32 36 54 56 61 66 85 89 101 103 105 119 121 123 135 139 158 163 168 170 188 192 200 202 220 222
SOL 2 4 22 24 32 36 54 56 63 66 75 89 91 103 109 115 121 133 135 149 158 161 168 170 188 192 200 202 220 222
SOL 2 4 22 24 32 36 54 56 66 71 75 89 91 103 109 115 121 133 135 149 153 158 168 170 188 192 200 202 220 222
SOL 2 4 23 26 37 40 50 56 61 73 80 83 90 102 105 119 122 134 141 144 151 163 168 174 184 187 198 201 220 222
SOL 2 5 15 22 40 43 50 51 70 71 76 77 96 101 105 119 123 128 147 148 153 154 173 174 181 184 202 209 219 222
SOL 2 5 20 26 40 42 51 52 71 73 83 89 90 94 106 118 130 134 135 141 151 153 172 173 182 184 198 204 219 222
SOL 2 5 23 25 40 42 45 50 61 63 88 89 96 97 108 116 127 128 135 136 161 163 174 179 182 184 199 201 219 222
SOL 2 6 16 21 39 41 47 56 67 69 79 88 90 94 105 119 130 134 136 145 155 157 168 177 183 185 203 208 218 222
SOL 2 6 19 22 31 41 55 59 66 72 76 84 93 95 105 119 129 131 140 148 152 158 165 169 183 193 202 205 218 222
SOL 2 6 19 23 39 43 48 56 60 65 75 88 97 102 109 115 122 127 136 149 159 164 168 176 181 185 201 205 218 222
SOL 2 6 20 22 40 41 47 50 61 63 85 89 96 103 105 119 121 128 135 139 161 163 174 177 183 184 202 204 218 222
SOL 2 6 20 24 30 40 51 55 63 73 87 89 91 97 108 116 127 133 135 137 151 161 169 173 184 194 200 204 218 222
SOL 2 6 21 24 41 43 50 52 60 64 77 89 101 103 109 115 121 123 135 147 160 164 172 174 181 183 200 203 218 222
SOL 2 6 21 24 41 43 52 54 60 64 77 89 101 103 109 115 121 123 135 147 160 164 170 172 181 183 200 203 218 222
SOL 2 6 21 25 32 41 50 52 61 74 84 85 93 103 105 119 121 131 139 140 150 163 172 174 183 192 199 203 218 222
SOL 2 6 21 26 37 39 54 56 60 64 76 77 103 104 109 115 120 121 147 148 160 164 168 170 185 187 198 203 218 222
SOL 2 6 22 24 31 36 56 59 69 71 77 89 91 94 109 115 130 133 135 147 153 155 165 168 188 193 200 202 218 222
SOL 2 6 22 25 39 43 47 49 68 71 75 80 91 104 108 116 120 133 144 149 153 156 175 177 181 185 199 202 218 222
SOL 2 6 23 25 33 35 58 59 70 72 75 76 97 99 108 116 125 127 148 149 152 154 165 166 189 191 199 201 218 222
SOL 2 6 23 26 30 35 55 59 70 72 76 88 95 97 108 116 127 129 136 148 152 154 165 169 189 194 198 201 218 222
SOL 2 6 24 26 32 43 52 54 60 71 79 81 103 104 109 115 120 121 143 145 153 164 170 172 181 192 198 200 218 222
SOL 2 6 25 26 31 37 47 50 71 73 84 85 90 96 105 119 128 134 139 140 151 153 174 177 187 193 198 199 218 222
SOL 2 6 27 28 35 37 48 58 60 69 78 81 100 104 109 115 120 124 143 146 155 164 166 176 187 189 196 197 218 222
SOL 2 7 17 25 40 41 50 53 61 74 80 86 90 91 111 113 133 134 138 144 150 163 171 174 183 184 199 207 217 222
SOL 2 7 21 25 32 36 56 58 60 69 78 88 90 99 109 115 125 134 136 146 155 164 166 168 188 192 199 203 217 222
SOL 2 7 24 25 36 42 46 55 61 63 75 89 96 99 108 116 125 128 135 149 161 163 169 178 182 188 199 200 217 222
SOL 2 8 16 28 36 39 49 54 71 74 86 89 94 97 107 117 127 130 135 138 150 153 170 175 185 188 196 208 216 222
SOL 2 8 19 23 33 42 52 54 60 73 79 80 91 101 105 119 123 133 144 145 151 164 170 172 182 191 201 205 216 222
SOL 2 8 19 24 38 42 54 58 63 67 75 79 101 103 105 119 121 123 145 149 157 161 166 170 182 186 200 205 216 222
SOL 2 8 20 22 40 41 47 54 61 63 85 89 98 103 105 119 121 126 135 139 161 163 170 177 183 184 202 204 216 222
SOL 2 8 20 23 40 42 48 54 60 73 75 79 97 101 106 118 123 127 145 149 151 164 170 176 182 184 201 204 216 222
SOL 2 8 20 26 31 37 50 59 70 73 77 85 93 96 105 119 128 131 139 147 151 154 165 174 187 193 198 204 216 222
SOL 2 8 21 25 39 41 52 58 62 64 75 88 93 99 105 119 125 131 136 149 160 162 166 172 183 185 199 203 216 222
SOL 2 8 22 23 34 41 48 54 72 73 75 79 91 95 105 119 129 133 145 149 151 152 170 176 183 190 201 202 216 222
SOL 2 8 22 24 33 38 57 59 60 73 79 85 91 93 110 114 131 133 139 145 151 164 165 167 186 191 200 202 216 222
SOL 2 8 22 25 33 39 49 58 62 68 88 89 93 99 105 119 125 131 135 136 156 162 166 175 185 191 199 202 216 222
SOL 2 8 23 26 32 41 50 52 70 73 76 79 90 95 105 119 129 134 145 148 151 154 172 174 183 192 198 201 216 222
SOL 2 8 25 28 33 39 49 52 62 68 88 89 93 99 105 119 125 131 135 136 156 162 172 175 185 191 196 199 216 222
SOL 2 8 25 28 35 38 46 47 65 67 86 89 100 104 108 116 120 124 135 138 157 159 177 178 186 189 196 199 216 222
SOL 2 9 16 18 37 40 45 47 69 73 81 83 100 104 108 116 120 124 141 143 151 155 177 179 184 187 206 208 215 222
SOL 2 9 21 25 30 39 49 52 71 72 76 88 90 93 111 113 131 134 136 148 152 153 172 175 185 194 199 203 215 222
SOL 2 10 17 21 37 39 49 51 60 71 76 78 90 99 106 118 125 134 146 148 153 164 173 175 185 187 203 207 214 222
SOL 2 10 20 22 40 43 50 51 71 73 77 89 96 101 105 119 123 128 135 147 151 153 173 174 181 184 202 204 214 222
SOL 2 10 21 22 39 41 53 58 62 64 76 89 93 99 105 119 125 131 135 148 160 162 166 171 183 185 202 203 214 222
SOL 2 10 21 22 39 41 53 58 62 64 88 89 93 99 105 119 125 131 135 136 160 162 166 171 183 185 202 203 214 222
SOL 2 10 21 23 34 42 52 54 63 71 76 89 99 104 106 118 120 125 135 148 153 161 170 172 182 190 201 203 214 222
SOL 2 10 21 25 33 39 52 58 61 62 84 89 90 93 111 113 131 134 135 140 162 163 166 172 185 191 199 203 214 222
SOL 2 10 21 25 39 41 47 51 71 74 82 84 91 104 106 118 120 133 140 142 150 153 173 177 183 185 199 203 214 222
SOL 2 10 22 28 35 38 50 59 71 72 76 79 93 96 105 119 128 131 145 148 152 153 165 174 186 189 196 202 214 222
SOL 2 10 25 29 32 36 51 59 63 69 82 84 91 93 106 118 131 133 140 142 155 161 165 173 188 192 195 199 214 222
SOL 2 11 16 21 33 43 52 54 66 69 77 89 100 104 109 115 120 124 135 147 155 158 170 172 181 191 203 208 213 222
SOL 2 11 19 23 38 42 45 55 60 63 80 82 91 95 106 118 129 133 142 144 161 164 169 179 182 186 201 205 213 222
SOL 2 11 20 24 30 40 52 58 70 71 77 81 90 103 111 113 121 134 143 147 153 154 166 172 184 194 200 204 213 222
SOL 2 11 21 22 32 34 53 56 61 65 76 89 99 100 105 119 124 125 135 148 159 163 168 171 190 192 202 203 213 222
SOL 2 11 22 23 31 41 53 55 61 74 80 89 92 100 110 114 124 132 135 144 150 163 169 171 183 193 201 202 213 222
SOL 2 11 22 24 32 36 54 55 66 73 85 89 91 93 105 119 131 133 135 139 151 158 169 170 188 192 200 202 213 222
SOL 2 12 19 22 38 39 46 49 68 71 75 89 91 95 108 116 129 133 135 149 153 156 175 178 185 186 202 205 212 222
SOL 2 12 22 25 35 36 55 58 63 66 75 89 99 103 108 116 121 125 135 149 158 161 166 169 188 189 199 202 212 222
SOL 2 13 21 22 32 33 49 51 73 74 84 85 93 104 110 114 120 131 139 140 150 151 173 175 191 192 202 203 211 222
SOL 2 13 22 24 32 36 54 55 63 66 75 89 91 93 109 115 131 133 135 149 158 161 169 170 188 192 200 202 211 222
SOL 2 13 22 24 32 36 54 55 63 66 75 89 101 103 109 115 121 123 135 149 158 161 169 170 188 192 200 202 211 222
SOL 2 13 22 24 32 36 54 59 63 66 85 89 91 93 109 115 131 133 135 139 158 161 165 170 188 192 200 202 211 222
SOL 3 4 16 22 36 42 46 49 71 74 81 87 90 99 110 114 125 134 137 143 150 153 175 178 182 188 202 208 220 221
SOL 3 4 17 27 37 40 50 51 73 74 78 84 90 91 111 113 133 134 140 146 150 151 173 174 184 187 197 207 220 221
SOL 3 4 21 22 30 42 49 59 61 71 80 81 102 103 110 114 121 122 143 144 153 163 165 175 182 194 202 203 220 221
SOL 3 4 21 23 32 41 47 49 73 74 82 84 103 104 110 114 120 121 140 142 150 151 175 177 183 192 201 203 220 221
SOL 3 4 21 23 40 41 46 47 67 73 75 84 102 104 110 114 120 122 140 149 151 157 177 178 183 184 201 203 220 221
SOL 3 4 21 23 40 41 47 50 67 73 75 76 102 104 110 114 120 122 148 149 151 157 174 177 183 184 201 203 220 221
SOL 3 4 23 25 31 41 47 53 61 74 80 82 92 104 110 114 120 132 142 144 150 163 171 177 183 193 199 201 220 221
SOL 3 5 15 23 42 44 53 55 65 67 76 78 100 102 106 118 122 124 146 148 157 159 169 171 180 182 201 209 219 221
SOL 3 5 15 25 38 40 47 57 60 66 82 84 93 103 106 118 121 131 140 142 158 164 167 177 184 186 199 209 219 221
SOL 3 5 19 22 31 36 46 55 62 71 84 89 90 96 107 117 128 134 135 140 153 162 169 178 188 193 202 205 219 221
SOL 3 5 20 26 32 40 49 52 62 73 81 89 98 104 106 118 120 126 135 143 151 162 172 175 184 192 198 204 219 221
SOL 3 5 21 29 36 41 47 49 70 73 82 88 90 92 110 114 132 134 136 142 151 154 175 177 183 188 195 203 219 221
SOL 3 5 22 23 30 40 47 49 60 66 77 80 101 103 106 118 121 123 144 147 158 164 175 177 184 194 201 202 219 221
SOL 3 5 22 24 30 40 49 57 60 66 77 81 101 103 106 118 121 123 143 147 158 164 167 175 184 194 200 202 219 221
SOL 3 5 22 24 36 40 46 59 61 63 87 89 94 96 107 117 128 130 135 137 161 163 165 178 184 188 200 202 219 221
SOL 3 5 22 25 32 35 46 49 68 72 75 89 98 103 108 116 121 126 135 149 152 156 175 178 189 192 199 202 219 221
SOL 3 5 23 24 31 42 53 57 60 67 79 86 100 104 106 118 120 124 138 145 157 164 167 171 182 193 200 201 219 221
SOL 3 5 23 24 32 38 55 58 60 63 75 77 97 100 106 118 124 127 147 149 161 164 166 169 186 192 200 201 219 221
SOL 3 5 23 24 38 42 55 58 60 63 75 77 97 100 106 118 124 127 147 149 161 164 166 169 182 186 200 201 219 221
SOL 3 5 23 25 38 42 47 55 60 74 76 82 93 95 106 118 129 131 142 148 150 164 169 177 182 186 199 201 219 221
SOL 3 5 23 27 36 40 47 55 60 73 80 82 90 101 106 118 123 134 142 144 151 164 169 177 184 188 197 201 219 221
SOL 3 5 23 27 39 44 48 49 67 68 76 79 102 104 106 118 120 122 145 148 156 157 175 176 180 185 197 201 219 221
SOL 3 5 25 26 35 37 55 59 62 68 76 89 98 102 106 118 122 126 135 148 156 162 165 169 187 189 198 199 219 221
SOL 3 5 25 28 31 37 48 55 66 68 87 89 90 92 110 114 132 134 135 137 156 158 169 176 187 193 196 199 219 221
SOL 3 6 15 20 38 40 50 52 63 72 75 87 91 103 109 115 121 133 137 149 152 161 172 174 184 186 204 209 218 221
SOL 3 6 15 22 36 40 55 59 63 72 80 84 91 103 107 117 121 133 140 144 152 161 165 169 184 188 202 209 218 221
SOL 3 6 15 22 36 42 49 55 60 61 80 87 91 101 110 114 123 133 137 144 163 164 169 175 182 188 202 209 218 221
SOL 3 6 16 19 38 39 55 56 60 62 75 88 95 97 107 117 127 129 136 149 162 164 168 169 185 186 205 208 218 221
SOL 3 6 16 27 35 36 47 55 60 70 75 82 101 103 110 114 121 123 142 149 154 164 169 177 188 189 197 208 218 221
SOL 3 6 16 29 37 39 47 55 60 66 76 79 101 102 110 114 122 123 145 148 158 164 169 177 185 187 195 208 218 221
SOL 3 6 17 24 33 39 52 55 62 73 75 89 96 100 106 118 124 128 135 149 151 162 169 172 185 191 200 207 218 221
SOL 3 6 17 25 33 39 46 52 69 70 76 77 96 104 105 119 120 128 147 148 154 155 172 178 185 191 199 207 218 221
SOL 3 6 17 25 33 39 52 58 69 70 76 77 96 104 105 119 120 128 147 148 154 155 166 172 185 191 199 207 218 221
SOL 3 6 17 25 39 41 50 51 70 74 76 82 91 104 107 117 120 133 142 148 150 154 173 174 183 185 199 207 218 221
SOL 3 6 17 25 39 41 50 51 70 74 82 88 91 104 107 117 120 133 136 142 150 154 173 174 183 185 199 207 218 221
SOL 3 6 19 25 37 38 47 59 69 72 76 78 103 104 110 114 120 121 146 148 152 155 165 177 186 187 199 205 218 221
SOL 3 6 20 21 40 43 47 52 69 73 78 87 94 104 105 119 120 130 137 146 151 155 172 177 181 184 203 204 218 221
SOL 3 6 21 24 32 41 47 49 70 73 75 82 103 104 110 114 120 121 142 149 151 154 175 177 183 192 200 203 218 221
SOL 3 6 21 24 34 41 54 59 61 73 79 82 92 104 107 117 120 132 142 145 151 163 165 170 183 190 200 203 218 221
SOL 3 6 21 25 31 43 47 50 71 74 82 84 100 102 105 119 122 124 140 142 150 153 174 177 181 193 199 203 218 221
SOL 3 6 22 28 32 35 49 55 60 72 75 81 101 103 110 114 121 123 143 149 152 164 169 175 189 192 196 202 218 221
SOL 3 6 22 28 32 35 49 55 72 74 75 81 101 103 110 114 121 123 143 149 150 152 169 175 189 192 196 202 218 221
SOL 3 6 22 28 39 43 47 59 62 66 75 79 99 100 108 116 124 125 145 149 158 162 165 177 181 185 196 202 218 221
SOL 3 6 23 29 33 34 54 59 61 64 82 84 91 92 107 117 132 133 140 142 160 163 165 170 190 191 195 201 218 221
SOL 3 6 24 27 36 39 49 58 71 74 79 82 91 104 107 117 120 133 142 145 150 153 166 175 185 188 197 200 218 221
SOL 3 6 24 29 34 36 54 57 61 64 82 87 91 101 105 119 123 133 137 142 160 163 167 170 188 190 195 200 218 221
SOL 3 6 28 29 37 39 47 55 60 66 76 79 101 102 110 114 122 123 145 148 158 164 169 177 185 187 195 196 218 221
SOL 3 7 16 24 34 42 50 51 71 72 75 79 90 91 111 113 133 134 145 149 152 153 173 174 182 190 200 208 217 221
SOL 3 7 16 24 34 44 49 53 60 69 86 87 92 98 106 118 126 132 137 138 155 164 171 175 180 190 200 208 217 221
SOL 3 7 19 27 39 44 46 53 64 65 86 88 90 98 107 117 126 134 136 138 159 160 171 178 180 185 197 205 217 221
SOL 3 7 20 21 40 41 47 50 70 74 75 76 102 103 111 113 121 122 148 149 150 154 174 177 183 184 203 204 217 221
SOL 3 7 20 25 38 40 57 58 63 65 75 76 98 104 107 117 120 126 148 149 159 161 166 167 184 186 199 204 217 221
SOL 3 7 21 23 32 33 54 58 60 73 75 84 94 102 109 115 122 130 140 149 151 164 166 170 191 192 201 203 217 221
SOL 3 7 21 23 32 41 46 50 73 74 75 84 100 102 109 115 122 124 140 149 150 151 174 178 183 192 201 203 217 221
SOL 3 7 24 25 33 39 49 51 60 62 76 89 98 102 106 118 122 126 135 148 162 164 173 175 185 191 199 200 217 221
SOL 3 7 24 27 31 34 51 54 60 64 86 87 91 104 111 113 120 133 137 138 160 164 170 173 190 193 197 200 217 221
SOL 3 7 24 27 34 44 47 53 63 73 80 83 100 104 106 118 120 124 141 144 151 161 171 177 180 190 197 200 217 221
SOL 3 8 15 24 34 36 52 54 62 73 79 87 91 93 105 119 131 133 137 145 151 162 170 172 188 190 200 209 216 221
SOL 3 8 15 25 32 38 55 57 65 74 76 82 101 103 110 114 121 123 142 148 150 159 167 169 186 192 199 209 216 221
SOL 3 8 16 22 33 40 46 57 68 70 75 87 95 99 105 119 125 129 137 149 154 156 167 178 184 191 202 208 216 221
SOL 3 8 16 25 30 33 46 52 68 72 85 89 95 99 107 117 125 129 135 139 152 156 172 178 191 194 199 208 216 221
SOL 3 8 16 25 33 39 46 52 68 72 85 89 90 99 107 117 125 134 135 139 152 156 172 178 185 191 199 208 216 221
SOL 3 8 16 28 35 38 52 55 60 63 85 87 90 95 107 117 129 134 137 139 161 164 169 172 186 189 196 208 216 221
SOL 3 8 17 22 40 43 54 59 61 63 75 80 94 98 107 117 126 130 144 149 161 163 165 170 181 184 202 207 216 221
SOL 3 8 17 23 33 35 55 57 70 73 76 82 90 104 110 114 120 134 142 148 151 154 167 169 189 191 201 207 216 221
SOL 3 8 19 22 33 38 46 55 60 74 84 87 91 95 107 117 129 133 137 140 150 164 169 178 186 191 202 205 216 221
SOL 3 8 19 22 33 38 55 58 60 74 84 87 91 95 107 117 129 133 137 140 150 164 166 169 186 191 202 205 216 221
SOL 3 8 19 23 31 42 54 57 60 73 80 82 94 101 105 119 123 130 142 144 151 164 167 170 182 193 201 205 216 221
SOL 3 8 19 25 31 37 47 48 68 74 84 87 90 103 110 114 121 134 137 140 150 156 176 177 187 193 199 205 216 221
SOL 3 8 19 25 37 43 47 48 68 74 84 87 90 103 110 114 121 134 137 140 150 156 176 177 181 187 199 205 216 221
SOL 3 8 19 25 38 41 46 52 62 65 75 76 95 104 107 117 120 129 148 149 159 162 172 178 183 186 199 205 216 221
SOL 3 8 19 25 38 41 52 58 62 65 75 76 95 104 107 117 120 129 148 149 159 162 166 172 183 186 199 205 216 221
SOL 3 8 20 21 31 42 46 52 64 65 85 87 90 93 105 119 131 134 137 139 159 160 172 178 182 193 203 204 216 221
SOL 3 8 20 29 31 40 50 53 70 74 76 82 93 102 107 117 122 131 142 148 150 154 171 174 184 193 195 204 216 221
SOL 3 8 20 29 40 43 50 53 70 74 76 82 93 102 107 117 122 131 142 148 150 154 171 174 181 184 195 204 216 221
SOL 3 8 21 24 31 42 46 52 64 65 85 87 90 93 105 119 131 134 137 139 159 160 172 178 182 193 200 203 216 221
SOL 3 8 22 24 32 38 57 59 60 63 79 85 91 103 110 114 121 133 139 145 161 164 165 167 186 192 200 202 216 221
SOL 3 8 22 25 33 40 46 57 62 68 75 76 95 99 105 119 125 129 148 149 156 162 167 178 184 191 199 202 216 221
SOL 3 8 22 27 35 40 46 49 71 74 75 80 98 103 107 117 121 126 144 149 150 153 175 178 184 189 197 202 216 221
SOL 3 8 22 28 33 43 53 55 62 65 87 89 90 100 110 114 124 134 135 137 159 162 169 171 181 191 196 202 216 221
SOL 3 8 23 24 39 42 46 58 62 64 86 89 90 97 109 115 127 134 135 138 160 162 166 178 182 185 200 201 216 221
SOL 3 8 25 28 36 39 48 49 72 74 76 89 97 99 107 117 125 127 135 148 150 152 175 176 185 188 196 199 216 221
SOL 3 9 15 21 36 42 47 55 67 73 75 78 100 103 110 114 121 124 146 149 151 157 169 177 182 188 203 209 215 221
SOL 3 9 16 17 40 41 52 59 66 69 77 81 100 104 106 118 120 124 143 147 155 158 165 172 183 184 207 208 215 221
SOL 3 9 16 21 40 41 47 52 69 74 77 81 90 100 106 118 124 134 143 147 150 155 172 177 183 184 203 208 215 221
SOL 3 9 16 21 40 41 47 52 69 74 77 81 100 104 106 118 120 124 143 147 150 155 172 177 183 184 203 208 215 221
SOL 3 9 17 25 37 43 55 59 62 68 78 84 90 96 106 118 128 134 140 146 156 162 165 169 181 187 199 207 215 221
SOL 3 9 18 24 34 37 57 58 70 74 77 81 90 91 111 113 133 134 143 147 150 154 166 167 187 190 200 206 215 221
SOL 3 9 18 24 34 44 52 57 61 64 81 87 91 104 111 113 120 133 137 143 160 163 167 172 180 190 200 206 215 221
SOL 3 9 19 22 32 39 46 49 68 74 75 78 102 103 111 113 121 122 146 149 150 156 175 178 185 192 202 205 215 221
SOL 3 9 19 22 39 42 46 49 68 74 75 78 102 103 111 113 121 122 146 149 150 156 175 178 182 185 202 205 215 221
SOL 3 9 19 24 30 42 49 52 72 73 75 78 96 103 111 113 121 128 146 149 151 152 172 175 182 194 200 205 215 221
SOL 3 9 20 22 32 43 45 49 62 68 85 89 98 101 106 118 123 126 135 139 156 162 175 179 181 192 202 204 215 221
SOL 3 9 21 22 40 42 50 55 62 73 75 76 93 96 105 119 128 131 148 149 151 162 169 174 182 184 202 203 215 221
SOL 3 9 21 25 34 42 52 58 63 72 75 76 99 104 111 113 120 125 148 149 152 161 166 172 182 190 199 203 215 221
SOL 3 9 22 25 38 43 49 58 63 72 75 80 98 104 107 117 120 126 144 149 152 161 166 175 181 186 199 202 215 221
SOL 3 9 22 27 32 34 45 53 63 69 76 89 98 100 106 118 124 126 135 148 155 161 171 179 190 192 197 202 215 221
SOL 3 9 22 27 34 43 45 53 62 68 80 89 100 101 106 118 123 124 135 144 156 162 171 179 181 190 197 202 215 221
SOL 3 9 23 25 34 42 47 53 71 74 76 82 99 104 106 118 120 125 142 148 150 153 171 177 182 190 199 201 215 221
SOL 3 9 23 27 34 39 47 49 68 73 82 88 90 104 108 116 120 134 136 142 151 156 175 177 185 190 197 201 215 221
SOL 3 9 23 27 34 39 47 58 64 74 76 82 101 104 111 113 120 123 142 148 150 160 166 177 185 190 197 201 215 221
SOL 3 9 23 29 33 34 54 59 61 64 76 82 92 102 111 113 122 132 142 148 160 163 165 170 190 191 195 201 215 221
SOL 3 10 18 29 35 37 47 53 72 73 79 80 98 104 106 118 120 126 144 145 151 152 171 177 187 189 195 206 214 221
SOL 3 10 19 23 33 44 53 57 65 69 76 82 90 92 106 118 132 134 142 148 155 159 167 171 180 191 201 205 214 221
SOL 3 10 20 21 31 40 47 50 67 73 75 78 96 102 105 119 122 128 146 149 151 157 174 177 184 193 203 204 214 221
SOL 3 10 21 23 33 42 55 59 65 69 76 82 90 92 106 118 132 134 142 148 155 159 165 169 182 191 201 203 214 221
SOL 3 10 21 27 35 40 47 50 73 74 76 82 101 104 111 113 120 123 142 148 150 151 174 177 184 189 197 203 214 221
SOL 3 10 23 27 35 41 50 53 73 74 76 82 100 104 107 117 120 124 142 148 150 151 171 174 183 189 197 201 214 221
SOL 3 11 17 22 34 43 53 54 61 62 75 80 100 104 111 113 120 124 144 149 162 163 170 171 181 190 202 207 213 221
SOL 3 11 19 23 31 34 53 57 60 69 80 82 90 92 106 118 132 134 142 144 155 164 167 171 190 193 201 205 213 221
SOL 3 11 21 22 32 43 49 51 60 73 75 84 94 102 110 114 122 130 140 149 151 164 173 175 181 192 202 203 213 221
SOL 3 11 21 25 40 43 47 51 65 74 82 84 102 104 106 118 120 122 140 142 150 159 173 177 181 184 199 203 213 221
SOL 3 11 22 23 31 42 53 55 61 74 80 89 92 100 110 114 124 132 135 144 150 163 169 171 182 193 201 202 213 221
SOL 3 11 22 27 31 40 50 51 72 73 84 89 90 94 111 113 130 134 135 140 151 152 173 174 184 193 197 202 213 221
SOL 3 12 20 22 38 42 49 50 61 68 75 79 101 103 105 119 121 123 145 149 156 163 174 175 182 186 202 204 212 221
SOL 3 12 20 24 34 44 46 52 63 64 83 87 91 104 111 113 120 133 137 141 160 161 172 178 180 190 200 204 212 221
SOL 3 12 21 22 33 43 49 51 60 73 75 84 94 102 110 114 122 130 140 149 151 164 173 175 181 191 202 203 212 221
SOL 3 12 21 25 32 36 49 59 71 74 82 84 99 103 106 118 121 125 140 142 150 153 165 175 188 192 199 203 212 221
SOL 3 12 22 23 40 42 48 51 69 73 75 88 94 95 105 119 129 130 136 149 151 155 173 176 182 184 201 202 212 221
SOL 3 12 23 28 31 41 50 52 65 68 75 87 90 94 109 115 130 134 137 149 156 159 172 174 183 193 196 201 212 221
SOL 3 13 20 22 33 40 53 57 62 65 75 89 98 100 106 118 124 126 135 149 159 162 167 171 184 191 202 204 211 221
SOL 3 13 21 22 32 40 49 54 62 73 84 89 93 104 111 113 120 131 135 140 151 162 170 175 184 192 202 203 211 221
SOL 3 13 21 23 34 37 55 59 62 63 80 84 102 104 106 118 120 122 140 144 161 162 165 169 187 190 201 203 211 221
SOL 3 13 21 23 41 42 49 50 64 67 76 89 90 102 110 114 122 134 135 148 157 160 174 175 182 183 201 203 211 221
SOL 3 13 21 24 36 43 47 54 62 64 79 82 90 93 105 119 131 134 142 145 160 162 170 177 181 188 200 203 211 221
SOL 3 13 21 25 40 41 47 51 65 74 82 84 102 104 106 118 120 122 140 142 150 159 173 177 183 184 199 203 211 221
SOL 3 13 22 23 34 42 53 55 60 61 80 89 101 102 110 114 122 123 135 144 163 164 169 171 182 190 201 202 211 221
SOL 4 5 15 27 39 41 49 52 61 62 86 88 96 98 105 119 126 128 136 138 162 163 172 175 183 185 197 209 219 220
SOL 4 5 16 23 33 43 45 53 70 71 77 82 90 92 110 114 132 134 142 147 153 154 171 179 181 191 201 208 219 220
SOL 4 5 16 24 34 37 45 56 61 71 81 87 90 102 111 113 122 134 137 143 153 163 168 179 187 190 200 208 219 220
SOL 4 5 16 24 34 37 56 59 61 71 77 81 90 102 111 113 122 134 143 147 153 163 165 168 187 190 200 208 219 220
SOL 4 5 16 26 35 37 47 56 68 74 79 83 102 104 106 118 120 122 141 145 150 156 168 177 187 189 198 208 219 220
SOL 4 5 16 28 37 44 49 50 68 71 77 78 90 102 111 113 122 134 146 147 153 156 174 175 180 187 196 208 219 220
SOL 4 5 17 19 39 41 53 57 60 63 82 88 90 98 106 118 126 134 136 142 161 164 167 171 183 185 205 207 219 220
SOL 4 5 17 23 39 43 51 57 67 70 78 88 90 104 108 116 120 134 136 146 154 157 167 173 181 185 201 207 219 220
SOL 4 5 17 24 34 38 56 58 60 61 81 82 90 93 107 117 131 134 142 143 163 164 166 168 186 190 200 207 219 220
SOL 4 5 17 25 38 41 53 58 60 62 78 80 97 103 105 119 121 127 144 146 162 164 166 171 183 186 199 207 219 220
SOL 4 5 17 27 31 41 51 53 60 70 82 88 90 93 110 114 131 134 136 142 154 164 171 173 183 193 197 207 219 220
SOL 4 5 19 28 32 39 52 53 62 63 88 89 90 93 111 113 131 134 135 136 161 162 171 172 185 192 196 205 219 220
SOL 4 5 22 25 30 42 48 53 65 72 76 86 103 104 111 113 120 121 138 148 152 159 171 176 182 194 199 202 219 220
SOL 4 5 22 26 32 35 45 49 68 71 75 88 102 103 111 113 121 122 136 149 153 156 175 179 189 192 198 202 219 220
SOL 4 5 22 26 35 42 45 49 68 71 75 88 102 103 111 113 121 122 136 149 153 156 175 179 182 189 198 202 219 220
SOL 4 5 23 26 34 37 50 56 60 61 87 88 90 102 111 113 122 134 136 137 163 164 168 174 187 190 198 201 219 220
SOL 4 5 23 28 32 40 45 53 63 71 77 82 90 95 106 118 129 134 142 147 153 161 171 179 184 192 196 201 219 220
SOL 4 5 24 27 30 38 48 56 61 67 79 87 90 103 111 113 121 134 137 145 157 163 168 176 186 194 197 200 219 220
SOL 4 5 25 26 32 38 45 47 66 67 84 86 91 103 105 119 121 133 138 140 157 158 177 179 186 192 198 199 219 220
SOL 4 5 25 27 32 38 45 59 63 66 82 84 91 93 106 118 131 133 140 142 158 161 165 179 186 192 197 199 219 220
SOL 4 5 25 27 38 44 45 47 63 66 82 84 91 93 106 118 131 133 140 142 158 161 177 179 180 186 197 199 219 220
SOL 4 6 15 19 39 42 51 57 65 71 76 82 101 104 106 118 120 123 142 148 153 159 167 173 182 185 205 209 218 220
SOL 4 6 15 19 42 44 53 57 65 71 80 82 101 103 106 118 121 123 142 144 153 159 167 171 180 182 205 209 218 220
SOL 4 6 15 22 36 41 47 59 61 62 80 85 101 103 110 114 121 123 139 144 162 163 165 177 183 188 202 209 218 220
SOL 4 6 16 18 36 39 47 58 67 71 75 79 99 104 107 117 120 125 145 149 153 157 166 177 185 188 206 208 218 220
SOL 4 6 16 28 37 39 45 49 69 71 77 81 102 104 108 116 120 122 143 147 153 155 175 179 185 187 196 208 218 220
SOL 4 6 17 22 36 41 45 59 61 62 80 85 101 103 110 114 121 123 139 144 162 163 165 179 183 188 202 207 218 220
SOL 4 6 17 24 31 43 51 57 60 70 75 82 93 101 110 114 123 131 142 149 154 164 167 173 181 193 200 207 218 220
SOL 4 6 17 24 39 41 48 49 61 73 75 82 98 104 107 117 120 126 142 149 151 163 175 176 183 185 200 207 218 220
SOL 4 6 17 25 38 43 57 58 65 67 75 78 93 104 110 114 120 131 146 149 157 159 166 167 181 186 199 207 218 220
SOL 4 6 17 26 38 43 49 57 61 67 75 80 101 104 110 114 120 123 144 149 157 163 167 175 181 186 198 207 218 220
SOL 4 6 18 23 31 37 49 59 69 71 76 77 102 104 110 114 120 122 147 148 153 155 165 175 187 193 201 206 218 220
SOL 4 6 18 24 31 41 51 59 70 72 75 77 91 97 110 114 127 133 147 149 152 154 165 173 183 193 200 206 218 220
SOL 4 6 18 26 38 39 49 57 61 73 75 77 97 104 110 114 120 127 147 149 151 163 167 175 185 186 198 206 218 220
SOL 4 6 19 21 41 42 47 59 71 74 80 82 91 103 110 114 121 133 142 144 150 153 165 177 182 183 203 205 218 220
SOL 4 6 19 24 31 37 47 59 60 66 86 87 91 93 110 114 131 133 137 138 158 164 165 177 187 193 200 205 218 220
SOL 4 6 19 24 31 41 51 59 60 62 86 87 97 103 110 114 121 127 137 138 162 164 165 173 183 193 200 205 218 220
SOL 4 6 19 24 38 39 56 58 60 62 75 78 97 103 107 117 121 127 146 149 162 164 166 168 185 186 200 205 218 220
SOL 4 6 19 26 31 37 51 56 60 62 75 88 95 102 110 114 122 129 136 149 162 164 168 173 187 193 198 205 218 220
SOL 4 6 20 22 30 31 50 55 63 74 83 87 91 93 107 117 131 133 137 141 150 161 169 174 193 194 202 204 218 220
SOL 4 6 20 22 41 42 46 49 61 71 75 77 96 104 110 114 120 128 147 149 153 163 175 178 182 183 202 204 218 220
SOL 4 6 20 22 41 42 46 49 61 71 75 87 96 104 110 114 120 128 137 149 153 163 175 178 182 183 202 204 218 220
SOL 4 6 20 22 41 42 46 49 61 72 75 83 101 104 110 114 120 123 141 149 152 163 175 178 182 183 202 204 218 220
SOL 4 6 20 23 37 43 47 59 61 64 77 86 101 104 110 114 120 123 138 147 160 163 165 177 181 187 201 204 218 220
SOL 4 6 21 22 41 44 47 49 61 74 80 87 101 103 110 114 121 123 137 144 150 163 175 177 180 183 202 203 218 220
SOL 4 6 21 25 33 42 46 58 67 71 75 80 99 102 105 119 122 125 144 149 153 157 166 178 182 191 199 203 218 220
SOL 4 6 22 23 41 43 47 49 60 61 77 80 101 104 110 114 120 123 144 147 163 164 175 177 181 183 201 202 218 220
SOL 4 6 22 23 41 43 47 49 60 73 77 80 101 104 110 114 120 123 144 147 151 164 175 177 181 183 201 202 218 220
SOL 4 6 22 23 41 44 47 49 60 61 77 80 101 103 110 114 121 123 144 147 163 164 175 177 180 183 201 202 218 220
SOL 4 6 22 24 31 41 47 56 64 66 77 89 99 103 105 119 121 125 135 147 158 160 168 177 183 193 200 202 218 220
SOL 4 6 22 24 31 41 49 57 60 61 75 87 98 101 110 114 123 126 137 149 163 164 167 175 183 193 200 202 218 220
SOL 4 6 22 24 32 41 49 59 61 72 75 81 91 93 110 114 131 133 143 149 152 163 165 175 183 192 200 202 218 220
SOL 4 6 22 25 31 41 47 56 60 66 77 80 99 103 105 119 121 125 144 147 158 164 168 177 183 193 199 202 218 220
SOL 4 6 22 25 33 43 45 53 71 72 75 80 92 103 110 114 121 132 144 149 152 153 171 179 181 191 199 202 218 220
SOL 4 6 22 28 36 41 46 48 69 74 87 89 94 95 107 117 129 130 135 137 150 155 176 178 183 188 196 202 218 220
SOL 4 6 22 28 39 41 47 59 62 66 75 79 99 103 108 116 121 125 145 149 158 162 165 177 183 185 196 202 218 220
SOL 4 6 23 24 37 43 47 59 61 64 77 86 101 104 110 114 120 123 138 147 160 163 165 177 181 187 200 201 218 220
SOL 4 6 24 26 30 32 50 56 67 73 83 85 91 92 105 119 132 133 139 141 151 157 168 174 192 194 198 200 218 220
SOL 4 6 24 27 33 35 49 58 71 74 75 82 98 103 107 117 121 126 142 149 150 153 166 175 189 191 197 200 218 220
SOL 4 6 24 29 38 39 56 58 62 64 75 78 97 103 107 117 121 127 146 149 160 162 166 168 185 186 195 200 218 220
SOL 4 6 25 26 31 37 47 50 60 66 80 87 91 93 105 119 131 133 137 144 158 164 174 177 187 193 198 199 218 220
SOL 4 6 25 27 38 41 47 59 61 74 82 84 91 93 110 114 131 133 140 142 150 163 165 177 183 186 197 199 218 220
SOL 4 6 25 27 38 43 47 48 65 67 75 78 103 104 110 114 120 121 146 149 157 159 176 177 181 186 197 199 218 220
SOL 4 6 25 27 38 43 47 58 65 67 75 78 93 104 110 114 120 131 146 149 157 159 166 177 181 186 197 199 218 220
SOL 4 7 15 17 35 38 46 51 70 73 78 80 101 104 107 117 120 123 144 146 151 154 173 178 186 189 207 209 217 220
SOL 4 7 15 27 35 38 46 51 70 73 78 80 101 104 107 117 120 123 144 146 151 154 173 178 186 189 197 209 217 220
SOL 4 7 17 19 32 38 53 56 65 73 75 78 90 103 110 114 121 134 146 149 151 159 168 171 186 192 205 207 217 220
SOL 4 7 17 21 33 39 51 58 60 73 78 80 90 94 107 117 130 134 144 146 151 164 166 173 185 191 203 207 217 220
SOL 4 7 17 23 33 35 56 57 60 73 80 83 90 94 106 118 130 134 141 144 151 164 167 168 189 191 201 207 217 220
SOL 4 7 17 25 38 41 47 53 60 61 80 86 103 104 110 114 120 121 138 144 163 164 171 177 183 186 199 207 217 220
SOL 4 7 17 25 41 42 45 53 61 66 80 86 103 104 110 114 120 121 138 144 158 163 171 179 182 183 199 207 217 220
SOL 4 7 17 27 36 41 49 59 61 66 80 86 103 104 110 114 120 121 138 144 158 163 165 175 183 188 197 207 217 220
SOL 4 7 18 24 36 39 56 57 61 64 81 89 90 91 107 117 133 134 135 143 160 163 167 168 185 188 200 206 217 220
SOL 4 7 18 24 39 43 53 57 61 64 77 89 98 104 108 116 120 126 135 147 160 163 167 171 181 185 200 206 217 220
SOL 4 7 20 23 31 32 50 57 70 73 75 78 90 101 111 113 123 134 146 149 151 154 167 174 192 193 201 204 217 220
SOL 4 7 20 26 32 35 57 58 70 73 78 81 90 104 111 113 120 134 143 146 151 154 166 167 189 192 198 204 217 220
SOL 4 7 21 25 30 42 47 53 61 65 80 86 103 104 108 116 120 121 138 144 159 163 171 177 182 194 199 203 217 220
SOL 4 7 21 25 42 44 47 53 61 65 80 86 103 104 108 116 120 121 138 144 159 163 171 177 180 182 199 203 217 220
SOL 4 7 23 24 31 32 50 57 70 73 75 78 90 101 111 113 123 134 146 149 151 154 167 174 192 193 200 201 217 220
SOL 4 7 23 26 31 34 50 56 72 73 75 80 90 102 111 113 122 134 144 149 151 152 168 174 190 193 198 201 217 220
SOL 4 7 23 26 31 34 50 57 60 73 75 80 101 102 111 113 122 123 144 149 151 164 167 174 190 193 198 201 217 220
SOL 4 7 24 25 31 42 51 53 61 63 86 89 92 104 110 114 120 132 135 138 161 163 171 173 182 193 199 200 217 220
SOL 4 8 15 26 34 37 50 56 61 73 77 80 90 102 111 113 122 134 144 147 151 163 168 174 187 190 198 209 216 220
SOL 4 8 15 27 34 37 50 56 61 73 80 87 90 93 111 113 131 134 137 144 151 163 168 174 187 190 197 209 216 220
SOL 4 8 15 27 35 41 53 54 60 63 82 88 94 103 107 117 121 130 136 142 161 164 170 171 183 189 197 209 216 220
SOL 4 8 16 18 38 42 50 52 61 63 85 87 90 99 105 119 125 134 137 139 161 163 172 174 182 186 206 208 216 220
SOL 4 8 16 22 34 41 54 57 63 72 75 76 95 98 105 119 126 129 148 149 152 161 167 170 183 190 202 208 216 220
SOL 4 8 17 21 35 41 56 59 61 73 80 82 90 94 107 117 130 134 142 144 151 163 165 168 183 189 203 207 216 220
SOL 4 8 17 21 39 43 45 54 62 64 86 88 93 97 105 119 127 131 136 138 160 162 170 179 181 185 203 207 216 220
SOL 4 8 17 22 41 42 45 54 65 68 75 88 101 103 109 115 121 123 136 149 156 159 170 179 182 183 202 207 216 220
SOL 4 8 17 27 34 37 50 56 61 74 80 86 90 91 111 113 133 134 138 144 150 163 168 174 187 190 197 207 216 220
SOL 4 8 18 23 33 39 54 57 64 73 75 76 90 97 107 117 127 134 148 149 151 160 167 170 185 191 201 206 216 220
SOL 4 8 18 23 33 39 54 57 64 73 75 88 90 97 107 117 127 134 136 149 151 160 167 170 185 191 201 206 216 220
SOL 4 8 18 23 33 39 58 59 64 72 75 76 97 99 107 117 125 127 148 149 152 160 165 166 185 191 201 206 216 220
SOL 4 8 18 24 38 42 48 50 61 67 85 87 90 91 105 119 133 134 137 139 157 163 174 176 182 186 200 206 216 220
SOL 4 8 19 23 31 33 54 57 60 73 80 82 101 102 105 119 122 123 142 144 151 164 167 170 191 193 201 205 216 220
SOL 4 8 19 23 31 43 54 59 62 74 80 86 97 101 107 117 123 127 138 144 150 162 165 170 181 193 201 205 216 220
SOL 4 8 19 27 33 35 53 57 60 63 80 82 90 103 106 118 121 134 142 144 161 164 167 171 189 191 197 205 216 220
SOL 4 8 20 23 30 35 56 58 64 67 86 87 90 91 107 117 133 134 137 138 157 160 166 168 189 194 201 204 216 220
SOL 4 8 20 29 38 40 46 48 69 73 77 82 101 102 105 119 122 123 142 147 151 155 176 178 184 186 195 204 216 220
SOL 4 8 21 27 35 41 56 59 61 73 80 82 90 94 107 117 130 134 142 144 151 163 165 168 183 189 197 203 216 220
SOL 4 8 22 27 33 35 46 49 71 74 75 80 98 103 107 117 121 126 144 149 150 153 175 178 189 191 197 202 216 220
SOL 4 8 22 28 39 41 47 59 62 66 75 79 99 103 108 116 121 125 145 149 158 162 165 177 183 185 196 202 216 220
SOL 4 8 22 29 33 35 53 57 70 74 76 88 93 95 107 117 129 131 136 148 150 154 167 171 189 191 195 202 216 220
SOL 4 8 23 25 31 43 48 50 72 74 84 86 90 97 107 117 127 134 138 140 150 152 174 176 181 193 199 201 216 220
SOL 4 8 23 25 43 44 47 50 61 62 84 86 93 97 105 119 127 131 138 140 162 163 174 177 180 181 199 201 216 220
SOL 4 8 23 26 33 39 54 57 64 73 75 76 90 97 107 117 127 134 148 149 151 160 167 170 185 191 198 201 216 220
SOL 4 8 23 27 30 32 55 58 65 67 86 88 90 95 108 116 129 134 136 138 157 159 166 169 192 194 197 201 216 220
SOL 4 8 23 28 34 41 52 58 62 69 77 89 95 101 105 119 123 129 135 147 155 162 166 172 183 190 196 201 216 220
SOL 4 8 24 25 32 38 47 58 63 67 75 84 93 103 105 119 121 131 140 149 157 161 166 177 186 192 199 200 216 220
SOL 4 8 24 27 33 35 49 58 71 74 75 82 98 103 107 117 121 126 142 149 150 153 166 175 189 191 197 200 216 220
SOL 4 8 25 26 35 38 47 58 63 67 75 84 103 104 107 117 120 121 140 149 157 161 166 177 186 189 198 199 216 220
SOL 4 8 25 27 33 35 53 57 60 63 80 82 90 103 106 118 121 134 142 144 161 164 167 171 189 191 197 199 216 220
SOL 4 8 26 28 30 43 48 50 67 68 77 85 90 95 107 117 129 134 139 147 156 157 174 176 181 194 196 198 216 220
SOL 4 8 26 28 32 35 49 59 71 74 81 82 99 102 106 118 122 125 142 143 150 153 165 175 189 192 196 198 216 220
SOL 4 8 26 29 34 37 50 56 61 73 77 80 90 102 111 113 122 134 144 147 151 163 168 174 187 190 195 198 216 220
SOL 4 9 15 19 38 42 45 53 62 71 80 82 101 103 106 118 121 123 142 144 153 162 171 179 182 186 205 209 215 220
SOL 4 9 16 21 34 42 51 59 63 71 82 87 99 104 106 118 120 125 137 142 153 161 165 173 182 190 203 208 215 220
SOL 4 9 17 21 34 37 46 56 61 71 80 87 90 104 111 113 120 134 137 144 153 163 168 178 187 190 203 207 215 220
SOL 4 9 17 28 36 37 48 58 66 69 77 86 94 104 105 119 120 130 138 147 155 158 166 176 187 188 196 207 215 220
SOL 4 9 18 21 31 37 49 57 71 74 76 87 90 96 110 114 128 134 137 148 150 153 167 175 187 193 203 206 215 220
SOL 4 9 18 21 31 37 49 57 71 74 76 87 96 104 110 114 120 128 137 148 150 153 167 175 187 193 203 206 215 220
SOL 4 9 18 24 34 42 51 52 72 73 75 83 90 101 106 118 123 134 141 149 151 152 172 173 182 190 200 206 215 220
SOL 4 9 18 24 34 42 52 58 61 72 75 83 90 101 111 113 123 134 141 149 152 163 166 172 182 190 200 206 215 220
SOL 4 9 18 24 34 42 52 58 72 73 75 83 90 101 111 113 123 134 141 149 151 152 166 172 182 190 200 206 215 220
SOL 4 9 19 26 36 42 47 59 66 67 80 86 91 103 105 119 121 133 138 144 157 158 165 177 182 188 198 205 215 220
SOL 4 9 19 29 38 42 45 53 62 71 80 82 101 103 106 118 121 123 142 144 153 162 171 179 182 186 195 205 215 220
SOL 4 9 20 22 34 38 45 47 63 73 87 88 93 98 105 119 126 131 136 137 151 161 177 179 186 190 202 204 215 220
SOL 4 9 21 24 36 41 47 59 62 64 86 88 97 103 105 119 121 127 136 138 160 162 165 177 183 188 200 203 215 220
SOL 4 9 21 26 31 37 49 57 71 74 84 87 90 96 106 118 128 134 137 140 150 153 167 175 187 193 198 203 215 220
SOL 4 9 21 26 31 37 49 59 62 71 84 87 90 96 106 118 128 134 137 140 153 162 165 175 187 193 198 203 215 220
SOL 4 9 21 26 32 36 54 59 71 73 75 77 94 97 106 118 127 130 147 149 151 153 165 170 188 192 198 203 215 220
SOL 4 9 21 26 36 42 54 59 71 73 75 77 94 97 106 118 127 130 147 149 151 153 165 170 182 188 198 203 215 220
SOL 4 9 22 23 33 39 46 57 64 72 75 76 90 101 111 113 123 134 148 149 152 160 167 178 185 191 201 202 215 220
SOL 4 9 22 23 33 39 46 57 64 72 75 88 90 101 111 113 123 134 136 149 152 160 167 178 185 191 201 202 215 220
SOL 4 9 23 27 30 35 53 57 64 67 78 88 90 91 108 116 133 134 136 146 157 160 167 171 189 194 197 201 215 220
SOL 4 9 23 27 30 35 53 57 64 67 86 88 90 91 108 116 133 134 136 138 157 160 167 171 189 194 197 201 215 220
SOL 4 10 18 21 37 39 45 47 61 71 81 84 102 104 106 118 120 122 140 143 153 163 177 179 185 187 203 206 214 220
SOL 4 10 18 23 35 37 57 59 63 73 80 83 90 92 106 118 132 134 141 144 151 161 165 167 187 189 201 206 214 220
SOL 4 10 20 22 33 42 45 51 71 73 75 81 102 103 110 114 121 122 143 149 151 153 173 179 182 191 202 204 214 220
SOL 4 10 21 26 37 39 45 47 61 71 81 84 102 104 106 118 120 122 140 143 153 163 177 179 185 187 198 203 214 220
SOL 4 10 22 24 32 41 53 59 61 63 83 89 91 92 110 114 132 133 135 141 161 163 165 171 183 192 200 202 214 220
SOL 4 10 23 26 35 37 57 59 63 73 80 83 90 92 106 118 132 134 141 144 151 161 165 167 187 189 198 201 214 220
SOL 4 11 15 26 37 39 51 57 61 62 84 85 90 96 106 118 128 134 139 140 162 163 167 173 185 187 198 209 213 220
SOL 4 11 17 21 33 39 51 54 60 61 82 88 90 94 107 117 130 134 136 142 163 164 170 173 185 191 203 207 213 220
SOL 4 11 17 23 34 39 54 57 60 61 82 88 90 93 111 113 131 134 136 142 163 164 167 170 185 190 201 207 213 220
SOL 4 11 21 23 32 41 45 49 65 69 82 88 102 104 106 118 120 122 136 142 155 159 175 179 183 192 201 203 213 220
SOL 4 11 21 25 30 41 47 51 65 69 82 88 102 104 106 118 120 122 136 142 155 159 173 177 183 194 199 203 213 220
SOL 4 11 23 24 34 43 54 57 61 67 86 89 92 98 105 119 126 132 135 138 157 163 167 170 181 190 200 201 213 220
SOL 4 12 15 19 38 42 45 53 65 71 80 82 101 103 106 118 121 123 142 144 153 159 171 179 182 186 205 209 212 220
SOL 4 12 16 22 36 39 45 54 62 63 85 88 98 101 105 119 123 126 136 139 161 162 170 179 185 188 202 208 212 220
SOL 4 12 19 23 33 35 53 57 60 63 80 82 90 103 106 118 121 134 142 144 161 164 167 171 189 191 201 205 212 220
SOL 4 12 19 23 35 41 46 52 72 73 75 80 101 104 111 113 120 123 144 149 151 152 172 178 183 189 201 205 212 220
SOL 4 12 21 23 32 40 50 52 63 71 75 88 90 95 106 118 129 134 136 149 153 161 172 174 184 192 201 203 212 220
SOL 4 12 22 23 33 35 46 51 70 72 75 76 95 101 105 119 123 129 148 149 152 154 173 178 189 191 201 202 212 220
SOL 4 12 22 23 33 35 46 51 70 72 75 88 95 101 105 119 123 129 136 149 152 154 173 178 189 191 201 202 212 220
SOL 4 12 22 24 31 34 53 54 61 63 75 87 93 98 105 119 126 131 137 149 161 163 170 171 190 193 200 202 212 220
SOL 4 12 23 27 35 37 53 55 63 74 86 88 95 104 106 118 120 129 136 138 150 161 169 171 187 189 197 201 212 220
SOL 4 13 16 20 33 38 45 53 65 71 82 87 90 94 107 117 130 134 137 142 153 159 171 179 186 191 204 208 211 220
SOL 4 13 20 28 33 38 45 53 65 71 82 87 90 94 107 117 130 134 137 142 153 159 171 179 186 191 196 204 211 220
SOL 4 13 21 24 33 42 51 59 61 63 82 85 90 92 110 114 132 134 139 142 161 163 165 173 182 191 200 203 211 220
SOL 4 13 22 24 32 36 54 56 62 66 85 89 101 103 105 119 121 123 135 139 158 162 168 170 188 192 200 202 211 220
SOL 4 14 16 17 37 38 49 51 71 74 78 87 91 99 110 114 125 133 137 146 150 153 173 175 186 187 207 208 210 220
SOL 4 14 17 18 37 38 48 49 66 69 76 87 99 104 106 118 120 125 137 148 155 158 175 176 186 187 206 207 210 220
SOL 4 14 18 23 37 39 48 49 69 72 76 81 102 104 106 118 120 122 143 148 152 155 175 176 185 187 201 206 210 220
SOL 4 14 22 23 34 44 47 51 69 71 76 77 95 101 106 118 123 129 147 148 153 155 173 177 180 190 201 202 210 220
SOL 4 14 22 23 38 41 47 49 61 73 77 80 101 104 110 114 120 123 144 147 151 163 175 177 183 186 201 202 210 220
SOL 4 14 23 26 31 37 47 53 64 71 76 77 99 104 110 114 120 125 147 148 153 160 171 177 187 193 198 201 210 220
SOL 5 6 15 19 38 40 56 58 60 62 78 80 97 103 107 117 121 127 144 146 162 164 166 168 184 186 205 209 218 219
SOL 5 6 15 19 40 42 53 59 62 71 78 80 97 103 106 118 121 127 144 146 153 162 165 171 182 184 205 209 218 219
SOL 5 6 15 26 32 36 50 52 70 73 77 79 101 103 105 119 121 123 145 147 151 154 172 174 188 192 198 209 218 219
SOL 5 6 16 17 40 42 46 51 67 69 78 89 100 104 108 116 120 124 135 146 155 157 173 178 182 184 207 208 218 219
SOL 5 6 16 21 40 42 45 55 62 65 78 88 93 97 105 119 127 131 136 146 159 162 169 179 182 184 203 208 218 219
SOL 5 6 16 25 40 42 46 51 65 67 75 78 102 104 108 116 120 122 146 149 157 159 173 178 182 184 199 208 218 219
SOL 5 6 16 26 41 44 50 52 61 66 85 87 90 92 109 115 132 134 137 139 158 163 172 174 180 183 198 208 218 219
SOL 5 6 17 25 32 41 50 53 60 70 76 78 97 103 105 119 121 127 146 148 154 164 171 174 183 192 199 207 218 219
SOL 5 6 17 25 32 41 50 53 60 70 78 88 97 103 105 119 121 127 136 146 154 164 171 174 183 192 199 207 218 219
SOL 5 6 17 25 33 39 52 58 70 74 76 77 93 96 105 119 128 131 147 148 150 154 166 172 185 191 199 207 218 219
SOL 5 6 17 25 38 40 56 58 60 62 78 80 97 103 105 119 121 127 144 146 162 164 166 168 184 186 199 207 218 219
SOL 5 6 17 25 41 43 50 52 66 70 76 77 101 104 105 119 120 123 147 148 154 158 172 174 181 183 199 207 218 219
SOL 5 6 17 26 36 40 50 52 70 73 77 89 101 103 105 119 121 123 135 147 151 154 172 174 184 188 198 207 218 219
SOL 5 6 17 27 39 41 49 53 61 64 82 88 90 104 108 116 120 134 136 142 160 163 171 175 183 185 197 207 218 219
SOL 5 6 17 28 39 44 45 57 66 67 78 79 100 103 108 116 121 124 145 146 157 158 167 179 180 185 196 207 218 219
SOL 5 6 18 20 40 41 47 53 60 64 87 89 97 103 106 118 121 127 135 137 160 164 171 177 183 184 204 206 218 219
SOL 5 6 18 24 40 41 47 53 60 64 87 89 97 103 106 118 121 127 135 137 160 164 171 177 183 184 200 206 218 219
SOL 5 6 19 22 40 42 46 59 62 71 88 89 96 99 108 116 125 128 135 136 153 162 165 178 182 184 202 205 218 219
SOL 5 6 19 26 40 42 46 53 60 62 88 89 97 99 108 116 125 127 135 136 162 164 171 178 182 184 198 205 218 219
SOL 5 6 20 23 32 33 52 58 70 73 77 79 101 104 105 119 120 123 145 147 151 154 166 172 191 192 201 204 218 219
SOL 5 6 20 25 37 41 46 47 60 64 86 87 103 104 111 113 120 121 137 138 160 164 177 178 183 187 199 204 218 219
SOL 5 6 20 25 37 41 47 58 60 64 86 87 103 104 111 113 120 121 137 138 160 164 166 177 183 187 199 204 218 219
SOL 5 6 20 26 30 33 45 52 70 73 83 87 94 103 107 117 121 130 137 141 151 154 172 179 191 194 198 204 218 219
SOL 5 6 21 25 39 41 46 47 62 64 86 88 97 104 105 119 120 127 136 138 160 162 177 178 183 185 199 203 218 219
SOL 5 6 22 24 32 44 49 55 60 72 78 81 91 103 108 116 121 133 143 146 152 164 169 175 180 192 200 202 218 219
SOL 5 6 22 25 40 42 46 53 60 62 88 89 93 99 108 116 125 131 135 136 162 164 171 178 182 184 199 202 218 219
SOL 5 6 23 24 32 33 52 58 70 73 77 79 101 104 105 119 120 123 145 147 151 154 166 172 191 192 200 201 218 219
SOL 5 6 23 25 31 32 50 56 60 61 79 82 101 102 105 119 122 123 142 145 163 164 168 174 192 193 199 201 218 219
SOL 5 6 24 25 37 41 46 47 60 64 86 87 103 104 111 113 120 121 137 138 160 164 177 178 183 187 199 200 218 219
SOL 5 6 25 26 40 42 46 53 60 62 88 89 97 99 108 116 125 127 135 136 162 164 171 178 182 184 198 199 218 219
SOL 5 6 25 27 32 38 50 55 61 74 76 82 93 101 105 119 123 131 142 148 150 163 169 174 186 192 197 199 218 219
SOL 5 6 26 28 32 43 52 54 62 66 79 89 101 104 109 115 120 123 135 145 158 162 170 172 181 192 196 198 218 219
SOL 5 7 15 19 39 41 49 53 60 62 86 88 92 98 106 118 126 132 136 138 162 164 171 175 183 185 205 209 217 219
SOL 5 7 15 21 40 42 48 51 65 74 76 78 100 102 106 118 122 124 146 148 150 159 173 176 182 184 203 209 217 219
SOL 5 7 16 18 39 40 47 51 72 74 79 83 90 91 108 116 133 134 141 145 150 152 173 177 184 185 206 208 217 219
SOL 5 7 16 18 39 41 45 47 70 72 81 83 100 104 106 118 120 124 141 143 152 154 177 179 183 185 206 208 217 219
SOL 5 7 16 20 40 41 49 57 60 62 81 86 98 104 106 118 120 126 138 143 162 164 167 175 183 184 204 208 217 219
SOL 5 7 16 20 40 44 53 57 61 71 77 81 90 94 108 116 130 134 143 147 153 163 167 171 180 184 204 208 217 219
SOL 5 7 17 19 39 44 49 51 60 62 86 88 98 101 106 118 123 126 136 138 162 164 173 175 180 185 205 207 217 219
SOL 5 7 17 25 33 38 45 50 72 74 76 78 91 96 109 115 128 133 146 148 150 152 174 179 186 191 199 207 217 219
SOL 5 7 18 20 34 41 45 47 72 73 81 83 100 104 106 118 120 124 141 143 151 152 177 179 183 190 204 206 217 219
SOL 5 7 18 20 40 44 47 53 60 70 77 81 93 103 106 118 121 131 143 147 154 164 171 177 180 184 204 206 217 219
SOL 5 7 18 20 40 44 53 57 61 71 77 81 90 94 106 118 130 134 143 147 153 163 167 171 180 184 204 206 217 219
SOL 5 7 18 24 40 44 47 53 60 70 77 81 93 103 106 118 121 131 143 147 154 164 171 177 180 184 200 206 217 219
SOL 5 7 18 26 38 42 47 55 60 73 80 83 90 91 109 115 133 134 141 144 151 164 169 177 182 186 198 206 217 219
SOL 5 7 19 21 39 43 46 51 62 64 86 89 102 104 108 116 120 122 135 138 160 162 173 178 181 185 203 205 217 219
SOL 5 7 19 23 30 32 51 56 60 69 86 88 92 94 106 118 130 132 136 138 155 164 168 173 192 194 201 205 217 219
SOL 5 7 19 23 42 44 45 53 63 65 76 78 100 102 106 118 122 124 146 148 159 161 171 179 180 182 201 205 217 219
SOL 5 7 20 25 34 42 45 51 71 72 78 89 91 96 106 118 128 133 135 146 152 153 173 179 182 190 199 204 217 219
SOL 5 7 21 25 30 40 48 57 62 65 81 86 103 104 106 118 120 121 138 143 159 162 167 176 184 194 199 203 217 219
SOL 5 7 21 25 41 44 47 55 62 65 78 88 90 96 106 118 128 134 136 146 159 162 169 177 180 183 199 203 217 219
SOL 5 7 21 25 41 44 47 55 62 65 86 88 98 104 106 118 120 126 136 138 159 162 169 177 180 183 199 203 217 219
SOL 5 7 21 25 42 44 48 51 65 74 76 78 100 102 106 118 122 124 146 148 150 159 173 176 180 182 199 203 217 219
SOL 5 7 21 27 39 41 47 48 70 74 76 81 100 104 106 118 120 124 143 148 150 154 176 177 183 185 197 203 217 219
SOL 5 7 23 25 42 44 48 53 65 74 76 78 100 102 106 118 122 124 146 148 150 159 171 176 180 182 199 201 217 219
SOL 5 7 23 26 30 42 49 53 61 65 86 88 102 104 109 115 120 122 136 138 159 163 171 175 182 194 198 201 217 219
SOL 5 7 23 26 32 33 49 51 60 73 84 88 102 104 109 115 120 122 136 140 151 164 173 175 191 192 198 201 217 219
SOL 5 7 24 25 42 44 45 48 66 72 81 85 93 103 106 118 121 131 139 143 152 158 176 179 180 182 199 200 217 219
SOL 5 7 24 26 30 34 51 57 64 73 83 87 91 104 108 116 120 133 137 141 151 160 167 173 190 194 198 200 217 219
SOL 5 8 15 18 38 42 50 52 72 73 76 79 90 93 109 115 131 134 145 148 151 152 172 174 182 186 206 209 216 219
SOL 5 8 15 24 32 36 47 59 70 71 82 86 91 103 109 115 121 133 138 142 153 154 165 177 188 192 200 209 216 219
SOL 5 8 16 17 35 40 57 59 63 66 82 85 90 93 106 118 131 134 139 142 158 161 165 167 184 189 207 208 216 219
SOL 5 8 16 18 38 42 50 52 61 72 79 85 90 93 105 119 131 134 139 145 152 163 172 174 182 186 206 208 216 219
SOL 5 8 16 18 38 42 50 52 72 73 75 79 90 93 109 115 131 134 145 149 151 152 172 174 182 186 206 208 216 219
SOL 5 8 16 18 38 42 50 52 72 73 79 85 90 93 105 119 131 134 139 145 151 152 172 174 182 186 206 208 216 219
SOL 5 8 16 20 36 41 47 55 70 73 77 82 90 93 105 119 131 134 142 147 151 154 169 177 183 188 204 208 216 219
SOL 5 8 16 20 40 42 53 55 73 74 77 89 93 97 108 116 127 131 135 147 150 151 169 171 182 184 204 208 216 219
SOL 5 8 16 26 33 37 46 55 60 65 83 87 90 92 109 115 132 134 137 141 159 164 169 178 187 191 198 208 216 219
SOL 5 8 16 27 35 38 56 59 61 63 82 89 94 100 107 117 124 130 135 142 161 163 165 168 186 189 197 208 216 219
SOL 5 8 17 21 33 35 55 57 70 73 76 82 90 104 108 116 120 134 142 148 151 154 167 169 189 191 203 207 216 219
SOL 5 8 17 23 33 35 55 57 70 73 76 82 90 104 108 116 120 134 142 148 151 154 167 169 189 191 201 207 216 219
SOL 5 8 17 26 32 40 46 50 67 73 85 89 90 93 111 113 131 134 135 139 151 157 174 178 184 192 198 207 216 219
SOL 5 8 18 19 35 42 55 57 60 63 76 82 90 96 106 118 128 134 142 148 161 164 167 169 182 189 205 206 216 219
SOL 5 8 18 19 39 42 55 57 60 63 76 82 90 96 106 118 128 134 142 148 161 164 167 169 182 185 205 206 216 219
SOL 5 8 18 19 40 42 53 57 60 63 76 82 90 99 106 118 125 134 142 148 161 164 167 171 182 184 205 206 216 219
SOL 5 8 18 20 34 37 45 57 61 73 79 81 102 104 108 116 120 122 143 145 151 163 167 179 187 190 204 206 216 219
SOL 5 8 18 20 40 42 53 55 61 73 77 89 90 97 108 116 127 134 135 147 151 163 169 171 182 184 204 206 216 219
SOL 5 8 18 25 33 38 45 57 60 72 82 84 91 103 109 115 121 133 140 142 152 164 167 179 186 191 199 206 216 219
SOL 5 8 18 25 40 44 53 57 60 61 77 80 97 103 108 116 121 127 144 147 163 164 167 171 180 184 199 206 216 219
SOL 5 8 18 26 32 40 50 59 67 70 76 77 90 91 111 113 133 134 147 148 154 157 165 174 184 192 198 206 216 219
SOL 5 8 19 22 32 44 46 49 62 68 88 89 95 101 108 116 123 129 135 136 156 162 175 178 180 192 202 205 216 219
SOL 5 8 19 25 31 37 48 57 60 63 87 88 90 98 110 114 126 134 136 137 161 164 167 176 187 193 199 205 216 219
SOL 5 8 19 25 32 39 52 58 62 63 88 89 90 93 111 113 131 134 135 136 161 162 166 172 185 192 199 205 216 219
SOL 5 8 19 25 35 41 46 58 60 63 82 87 90 102 111 113 122 134 137 142 161 164 166 178 183 189 199 205 216 219
SOL 5 8 19 26 42 43 46 53 62 65 86 89 90 97 109 115 127 134 135 138 159 162 171 178 181 182 198 205 216 219
SOL 5 8 19 27 31 34 45 59 62 68 80 86 97 101 106 118 123 127 138 144 156 162 165 179 190 193 197 205 216 219
SOL 5 8 19 27 31 41 53 58 60 63 80 82 90 102 109 115 122 134 142 144 161 164 166 171 183 193 197 205 216 219
SOL 5 8 20 25 33 38 45 57 60 72 78 82 91 103 109 115 121 133 142 146 152 164 167 179 186 191 199 204 216 219
SOL 5 8 20 26 34 37 45 57 61 73 79 81 102 104 108 116 120 122 143 145 151 163 167 179 187 190 198 204 216 219
SOL 5 8 20 26 37 41 45 49 72 73 76 79 98 102 105 119 122 126 145 148 151 152 175 179 183 187 198 204 216 219
SOL 5 8 20 26 40 42 45 49 62 73 83 89 91 97 108 116 127 133 135 141 151 162 175 179 182 184 198 204 216 219
SOL 5 8 21 25 31 41 55 58 62 67 84 86 90 92 105 119 132 134 138 140 157 162 166 169 183 193 199 203 216 219
SOL 5 8 21 27 30 33 52 55 63 73 80 87 90 100 106 118 124 134 137 144 151 161 169 172 191 194 197 203 216 219
SOL 5 8 22 24 32 41 46 55 62 63 81 89 90 91 109 115 133 134 135 143 161 162 169 178 183 192 200 202 216 219
SOL 5 8 23 25 32 33 45 57 63 70 82 88 90 91 110 114 133 134 136 142 154 161 167 179 191 192 199 201 216 219
SOL 5 8 23 25 33 37 48 58 70 74 76 77 99 102 105 119 122 125 147 148 150 154 166 176 187 191 199 201 216 219
SOL 5 8 23 26 33 37 49 58 60 73 77 84 102 104 109 115 120 122 140 147 151 164 166 175 187 191 198 201 216 219
SOL 5 8 23 26 40 42 47 55 63 67 76 89 90 99 106 118 125 134 135 148 157 161 169 177 182 184 198 201 216 219
SOL 5 8 23 27 33 43 48 50 60 73 79 82 90 102 109 115 122 134 142 145 151 164 174 176 181 191 197 201 216 219
SOL 5 8 25 29 35 40 47 57 66 67 76 86 90 91 108 116 133 134 138 148 157 158 167 177 184 189 195 199 216 219
SOL 5 8 25 29 35 40 53 57 61 63 76 82 90 102 108 116 122 134 142 148 161 163 167 171 184 189 195 199 216 219
SOL 5 8 26 27 31 41 50 51 60 73 79 82 90 102 109 115 122 134 142 145 151 164 173 174 183 193 197 198 216 219
SOL 5 8 26 27 33 43 50 51 60 73 79 82 90 102 109 115 122 134 142 145 151 164 173 174 181 191 197 198 216 219
SOL 5 8 26 27 37 40 45 49 63 73 80 89 98 102 106 118 122 126 135 144 151 161 175 179 184 187 197 198 216 219
SOL 5 8 26 27 37 40 49 59 63 73 80 89 98 102 106 118 122 126 135 144 151 161 165 175 184 187 197 198 216 219
SOL 5 8 26 28 34 37 57 59 61 65 77 81 90 94 108 116 130 134 143 147 159 163 165 167 187 190 196 198 216 219
SOL 5 9 15 21 42 44 51 55 63 67 76 78 100 102 106 118 122 124 146 148 157 161 169 173 180 182 203 209 215 219
SOL 5 9 15 22 33 40 57 59 62 66 85 88 93 96 106 118 128 131 136 139 158 162 165 167 184 191 202 209 215 219
SOL 5 9 15 23 42 44 53 55 63 67 76 78 100 102 106 118 122 124 146 148 157 161 169 171 180 182 201 209 215 219
SOL 5 9 18 19 30 42 49 52 71 73 83 88 92 96 105 119 128 132 136 141 151 153 172 175 182 194 205 206 215 219
SOL 5 9 18 21 30 44 52 55 61 63 81 87 100 102 106 118 122 124 137 143 161 163 169 172 180 194 203 206 215 219
SOL 5 9 18 23 32 40 45 52 63 73 75 77 98 100 106 118 124 126 147 149 151 161 172 179 184 192 201 206 215 219
SOL 5 9 18 26 34 37 47 58 64 73 83 87 90 104 111 113 120 134 137 141 151 160 166 177 187 190 198 206 215 219
SOL 5 9 18 26 34 37 57 58 61 64 81 87 90 104 111 113 120 134 137 143 160 163 166 167 187 190 198 206 215 219
SOL 5 9 18 26 37 40 46 47 70 73 77 83 90 104 111 113 120 134 141 147 151 154 177 178 184 187 198 206 215 219
SOL 5 9 18 26 37 40 46 57 61 70 77 81 90 104 111 113 120 134 143 147 154 163 167 178 184 187 198 206 215 219
SOL 5 9 19 22 40 43 57 59 63 66 76 77 98 104 108 116 120 126 147 148 158 161 165 167 181 184 202 205 215 219
SOL 5 9 19 23 30 32 53 56 60 67 86 88 92 94 106 118 130 132 136 138 157 164 168 171 192 194 201 205 215 219
SOL 5 9 19 23 30 42 45 49 71 73 82 88 92 96 108 116 128 132 136 142 151 153 175 179 182 194 201 205 215 219
SOL 5 9 21 23 30 32 49 56 60 67 86 88 92 94 106 118 130 132 136 138 157 164 168 175 192 194 201 203 215 219
SOL 5 9 21 23 30 32 55 56 60 67 86 88 92 94 106 118 130 132 136 138 157 164 168 169 192 194 201 203 215 219
SOL 5 9 21 23 42 44 48 49 67 74 76 78 100 102 106 118 122 124 146 148 150 157 175 176 180 182 201 203 215 219
SOL 5 9 21 23 42 44 48 55 67 74 76 78 100 102 106 118 122 124 146 148 150 157 169 176 180 182 201 203 215 219
SOL 5 9 21 25 32 44 55 59 61 63 76 82 98 102 108 116 122 126 142 148 161 163 165 169 180 192 199 203 215 219
SOL 5 9 21 25 42 44 48 51 67 74 76 78 100 102 106 118 122 124 146 148 150 157 173 176 180 182 199 203 215 219
SOL 5 9 21 26 34 42 52 59 61 71 87 89 94 96 106 118 128 130 135 137 153 163 165 172 182 190 198 203 215 219
SOL 5 9 21 29 30 32 49 51 67 71 86 88 92 94 106 118 130 132 136 138 153 157 173 175 192 194 195 203 215 219
SOL 5 9 22 25 31 34 45 47 68 71 87 88 90 96 108 116 128 134 136 137 153 156 177 179 190 193 199 202 215 219
SOL 5 9 22 29 34 41 45 47 68 72 76 79 98 101 106 118 123 126 145 148 152 156 177 179 183 190 195 202 215 219
SOL 5 9 23 26 30 44 49 52 71 73 77 83 92 94 106 118 130 132 141 147 151 153 172 175 180 194 198 201 215 219
SOL 5 9 23 29 30 32 49 53 67 71 86 88 92 94 106 118 130 132 136 138 153 157 171 175 192 194 195 201 215 219
SOL 5 9 25 26 32 44 52 55 61 63 76 81 98 102 105 119 122 126 143 148 161 163 169 172 180 192 198 199 215 219
SOL 5 10 15 25 32 36 51 59 63 72 82 84 91 93 106 118 131 133 140 142 152 161 165 173 188 192 199 209 214 219
SOL 5 10 16 27 37 38 46 56 65 68 78 87 90 100 105 119 124 134 137 146 156 159 168 178 186 187 197 208 214 219
SOL 5 10 17 21 39 44 47 51 67 70 76 78 103 104 108 116 120 121 146 148 154 157 173 177 180 185 203 207 214 219
SOL 5 10 17 21 39 44 47 51 67 70 76 86 103 104 108 116 120 121 138 148 154 157 173 177 180 185 203 207 214 219
SOL 5 10 18 23 32 38 45 50 61 63 87 89 97 100 106 118 124 127 135 137 161 163 174 179 186 192 201 206 214 219
SOL 5 10 18 23 37 43 45 55 63 72 77 80 98 104 106 118 120 126 144 147 152 161 169 179 181 187 201 206 214 219
SOL 5 10 18 23 37 43 47 55 60 63 77 80 98 104 106 118 120 126 144 147 161 164 169 177 181 187 201 206 214 219
SOL 5 10 18 23 38 42 45 50 61 63 87 89 97 100 106 118 124 127 135 137 161 163 174 179 182 186 201 206 214 219
SOL 5 10 18 25 32 38 45 57 67 68 78 84 91 103 105 119 121 133 140 146 156 157 167 179 186 192 199 206 214 219
SOL 5 10 20 23 33 38 45 57 70 72 76 78 91 97 105 119 127 133 146 148 152 154 167 179 186 191 201 204 214 219
SOL 5 10 20 26 32 40 46 52 61 62 81 89 93 104 111 113 120 131 135 143 162 163 172 178 184 192 198 204 214 219
SOL 5 10 20 26 32 40 46 52 62 73 81 89 93 104 111 113 120 131 135 143 151 162 172 178 184 192 198 204 214 219
SOL 5 10 20 26 32 40 52 53 61 62 81 89 93 104 106 118 120 131 135 143 162 163 171 172 184 192 198 204 214 219
SOL 5 10 21 22 35 41 47 58 62 70 76 89 93 104 111 113 120 131 135 148 154 162 166 177 183 189 202 203 214 219
SOL 5 10 21 22 35 41 47 58 62 70 88 89 93 104 111 113 120 131 135 136 154 162 166 177 183 189 202 203 214 219
SOL 5 10 22 24 36 40 57 59 61 71 76 77 96 101 105 119 123 128 147 148 153 163 165 167 184 188 200 202 214 219
SOL 5 10 23 26 37 43 47 55 60 63 77 88 90 98 110 114 126 134 136 147 161 164 169 177 181 187 198 201 214 219
SOL 5 10 23 26 37 43 47 55 60 63 77 88 98 104 110 114 120 126 136 147 161 164 169 177 181 187 198 201 214 219
SOL 5 10 23 27 37 40 48 58 63 73 77 84 90 104 111 113 120 134 140 147 151 161 166 176 184 187 197 201 214 219
SOL 5 10 23 28 32 40 45 53 63 71 77 82 90 95 106 118 129 134 142 147 153 161 171 179 184 192 196 201 214 219
SOL 5 10 25 29 32 36 51 59 63 72 82 84 91 93 106 118 131 133 140 142 152 161 165 173 188 192 195 199 214 219
SOL 5 11 15 21 40 41 45 50 70 73 82 88 92 102 111 113 122 132 136 142 151 154 174 179 183 184 203 209 213 219
SOL 5 11 17 21 35 40 46 57 60 70 82 88 90 93 111 113 131 134 136 142 154 164 167 178 184 189 203 207 213 219
SOL 5 11 17 21 35 40 55 57 61 66 76 82 90 104 108 116 120 134 142 148 158 163 167 169 184 189 203 207 213 219
SOL 5 11 17 22 31 40 51 59 66 72 75 84 93 94 106 118 130 131 140 149 152 158 165 173 184 193 202 207 213 219
SOL 5 11 17 22 40 42 51 59 65 71 75 88 94 96 106 118 128 130 136 149 153 159 165 173 182 184 202 207 213 219
SOL 5 11 19 21 32 40 51 57 60 63 82 88 90 95 106 118 129 134 136 142 161 164 167 173 184 192 203 205 213 219
SOL 5 11 19 22 31 36 46 55 62 71 84 89 90 96 107 117 128 134 135 140 153 162 169 178 188 193 202 205 213 219
SOL 5 11 19 23 32 40 46 52 62 71 88 89 90 95 111 113 129 134 135 136 153 162 172 178 184 192 201 205 213 219
SOL 5 11 19 27 31 37 45 49 66 72 80 86 98 104 106 118 120 126 138 144 152 158 175 179 187 193 197 205 213 219
SOL 5 11 20 25 32 44 52 55 61 62 86 89 91 98 111 113 126 133 135 138 162 163 169 172 180 192 199 204 213 219
SOL 5 11 20 26 30 40 47 52 70 73 77 83 90 103 111 113 121 134 141 147 151 154 172 177 184 194 198 204 213 219
SOL 5 11 20 26 37 40 46 47 60 64 83 87 103 104 111 113 120 121 137 141 160 164 177 178 184 187 198 204 213 219
SOL 5 11 22 23 32 34 49 54 61 72 88 89 98 101 105 119 123 126 135 136 152 163 170 175 190 192 201 202 213 219
SOL 5 11 22 24 31 42 55 59 66 72 75 79 93 96 106 118 128 131 145 149 152 158 165 169 182 193 200 202 213 219
SOL 5 11 22 25 32 35 55 58 60 66 86 89 91 92 111 113 132 133 135 138 158 164 166 169 189 192 199 202 213 219
SOL 5 11 22 25 35 42 55 58 60 66 86 89 91 92 111 113 132 133 135 138 158 164 166 169 182 189 199 202 213 219
SOL 5 11 23 28 33 34 52 57 60 65 83 87 90 94 106 118 130 134 137 141 159 164 167 172 190 191 196 201 213 219
SOL 5 11 23 28 33 34 52 57 60 65 83 87 94 104 106 118 120 130 137 141 159 164 167 172 190 191 196 201 213 219
SOL 5 11 23 29 32 38 49 57 61 67 86 89 91 94 110 114 130 133 135 138 157 163 167 175 186 192 195 201 213 219
SOL 5 11 27 28 33 34 45 52 65 68 83 87 90 94 106 118 130 134 137 141 156 159 172 179 190 191 196 197 213 219
SOL 5 12 19 23 35 44 52 55 62 63 76 88 101 104 111 113 120 123 136 148 161 162 169 172 180 189 201 205 212 219
SOL 5 12 26 28 34 37 57 59 61 65 81 83 90 94 108 116 130 134 141 143 159 163 165 167 187 190 196 198 212 219
SOL 5 13 23 26 34 37 50 56 60 64 87 88 90 102 111 113 122 134 136 137 160 164 168 174 187 190 198 201 211 219
SOL 5 14 19 21 32 40 51 57 63 71 76 82 90 95 106 118 129 134 142 148 153 161 167 173 184 192 203 205 210 219
SOL 5 14 19 21 32 40 51 57 63 71 82 88 90 95 106 118 129 134 136 142 153 161 167 173 184 192 203 205 210 219
SOL 5 14 22 24 32 36 55 58 62 63 81 89 91 93 109 115 131 133 135 143 161 162 166 169 188 192 200 202 210 219
SOL 5 14 23 25 33 35 55 57 63 66 76 82 102 104 106 118 120 122 142 148 158 161 167 169 189 191 199 201 210 219
SOL 6 7 16 18 39 43 50 56 68 74 75 79 100 102 107 117 122 124 145 149 150 156 168 174 181 185 206 208 217 218
SOL 6 7 16 19 39 42 46 49 60 69 78 83 102 104 108 116 120 122 141 146 155 164 175 178 182 185 205 208 217 218
SOL 6 7 16 19 40 42 46 51 65 69 75 78 102 104 108 116 120 122 146 149 155 159 173 178 182 184 205 208 217 218
SOL 6 7 16 24 30 33 56 57 65 66 85 87 90 91 109 115 133 134 137 139 158 159 167 168 191 194 200 208 217 218
SOL 6 7 16 25 33 35 51 57 70 71 75 76 92 104 110 114 120 132 148 149 153 154 167 173 189 191 199 208 217 218
SOL 6 7 16 25 40 42 46 51 65 69 75 78 102 104 108 116 120 122 146 149 155 159 173 178 182 184 199 208 217 218
SOL 6 7 17 18 39 42 45 51 64 69 76 79 91 104 108 116 120 133 145 148 155 160 173 179 182 185 206 207 217 218
SOL 6 7 17 18 39 42 45 51 64 69 79 88 91 104 108 116 120 133 136 145 155 160 173 179 182 185 206 207 217 218
SOL 6 7 17 19 35 41 54 59 62 68 79 88 103 104 108 116 120 121 136 145 156 162 165 170 183 189 205 207 217 218
SOL 6 7 17 24 39 43 47 51 61 64 86 89 100 104 108 116 120 124 135 138 160 163 173 177 181 185 200 207 217 218
SOL 6 7 17 25 30 33 55 58 69 73 78 84 90 96 107 117 128 134 140 146 151 155 166 169 191 194 199 207 217 218
SOL 6 7 17 26 34 36 54 57 71 73 75 84 91 104 109 115 120 133 140 149 151 153 167 170 188 190 198 207 217 218
SOL 6 7 18 19 39 42 51 57 64 69 76 89 91 104 108 116 120 133 135 148 155 160 167 173 182 185 205 206 217 218
SOL 6 7 18 19 39 42 51 57 64 69 88 89 91 104 108 116 120 133 135 136 155 160 167 173 182 185 205 206 217 218
SOL 6 7 18 24 39 43 57 59 61 64 77 79 98 104 108 116 120 126 145 147 160 163 165 167 181 185 200 206 217 218
SOL 6 7 19 21 39 42 46 48 60 69 78 88 102 104 109 115 120 122 136 146 155 164 176 178 182 185 203 205 217 218
SOL 6 7 19 25 30 38 56 58 60 72 78 80 99 103 107 117 121 125 144 146 152 164 166 168 186 194 199 205 217 218
SOL 6 7 20 25 30 32 57 58 65 70 78 81 103 104 108 116 120 121 143 146 154 159 166 167 192 194 199 204 217 218
SOL 6 7 20 26 40 41 47 50 61 70 77 89 103 104 111 113 120 121 135 147 154 163 174 177 183 184 198 204 217 218
SOL 6 7 24 26 39 43 57 59 61 64 77 79 98 104 108 116 120 126 145 147 160 163 165 167 181 185 198 200 217 218
SOL 6 7 27 29 33 34 45 51 64 65 86 88 91 92 110 114 132 133 136 138 159 160 173 179 190 191 195 197 217 218
SOL 6 7 27 29 33 34 51 59 64 65 86 88 91 92 110 114 132 133 136 138 159 160 165 173 190 191 195 197 217 218
SOL 6 8 15 18 39 41 55 58 60 64 77 82 91 95 107 117 129 133 142 147 160 164 166 169 183 185 206 209 216 218
SOL 6 8 15 24 32 41 50 52 70 71 75 77 91 103 109 115 121 133 147 149 153 154 172 174 183 192 200 209 216 218
SOL 6 8 17 20 33 43 52 54 64 74 77 89 91 101 109 115 123 133 135 147 150 160 170 172 181 191 204 207 216 218
SOL 6 8 18 19 31 39 55 56 60 62 80 89 91 97 107 117 127 133 135 144 162 164 168 169 185 193 205 206 216 218
SOL 6 8 18 19 33 42 46 54 64 74 87 88 97 99 105 119 125 127 136 137 150 160 170 178 182 191 205 206 216 218
SOL 6 8 18 19 35 41 46 58 70 72 75 89 95 97 107 117 127 129 135 149 152 154 166 178 183 189 205 206 216 218
SOL 6 8 18 25 33 35 46 58 70 72 75 89 97 99 107 117 125 127 135 149 152 154 166 178 189 191 199 206 216 218
SOL 6 8 19 20 31 41 52 59 71 72 75 77 91 94 110 114 130 133 147 149 152 153 165 172 183 193 204 205 216 218
SOL 6 8 19 24 31 43 52 57 63 64 75 87 90 101 110 114 123 134 137 149 160 161 167 172 181 193 200 205 216 218
SOL 6 8 19 24 33 43 52 57 63 64 87 89 90 91 110 114 133 134 135 137 160 161 167 172 181 191 200 205 216 218
SOL 6 8 19 24 33 43 52 57 63 64 87 89 90 103 110 114 121 134 135 137 160 161 167 172 181 191 200 205 216 218
SOL 6 8 19 24 33 43 57 59 63 64 82 87 90 91 110 114 133 134 137 142 160 161 165 167 181 191 200 205 216 218
SOL 6 8 19 26 39 41 46 58 62 64 75 89 95 97 107 117 127 129 135 149 160 162 166 178 183 185 198 205 216 218
SOL 6 8 20 25 31 41 45 47 70 71 77 82 103 104 110 114 120 121 142 147 153 154 177 179 183 193 199 204 216 218
SOL 6 8 20 25 31 41 47 52 70 71 75 77 91 104 110 114 120 133 147 149 153 154 172 177 183 193 199 204 216 218
SOL 6 8 20 25 31 41 47 52 70 71 75 77 103 104 110 114 120 121 147 149 153 154 172 177 183 193 199 204 216 218
SOL 6 8 20 25 31 43 47 52 70 71 77 89 93 104 110 114 120 131 135 147 153 154 172 177 181 193 199 204 216 218
SOL 6 8 20 29 33 42 52 54 63 64 87 89 91 103 109 115 121 133 135 137 160 161 170 172 182 191 195 204 216 218
SOL 6 8 24 25 33 43 45 52 62 63 87 89 100 103 110 114 121 124 135 137 161 162 172 179 181 191 199 200 216 218
SOL 6 8 24 27 31 41 50 52 60 70 75 87 93 103 109 115 121 131 137 149 154 164 172 174 183 193 197 200 216 218
SOL 6 8 25 26 32 41 50 58 60 70 76 77 95 97 105 119 127 129 147 148 154 164 166 174 183 192 198 199 216 218
SOL 6 8 25 26 33 39 46 58 62 64 75 89 97 99 107 117 125 127 135 149 160 162 166 178 185 191 198 199 216 218
SOL 6 8 25 26 35 43 48 49 72 74 75 84 97 103 107 117 121 127 140 149 150 152 175 176 181 189 198 199 216 218
SOL 6 8 26 29 33 35 46 49 70 74 82 87 99 103 107 117 121 125 137 142 150 154 175 178 189 191 195 198 216 218
SOL 6 9 15 19 34 39 47 51 71 73 82 88 92 104 108 116 120 132 136 142 151 153 173 177 185 190 205 209 215 218
SOL 6 9 15 19 34 39 47 57 67 68 78 88 103 104 108 116 120 121 136 146 156 157 167 177 185 190 205 209 215 218
SOL 6 9 16 18 37 40 45 47 69 73 83 87 100 104 108 116 120 124 137 141 151 155 177 179 184 187 206 208 215 218
SOL 6 9 17 18 31 41 53 54 61 74 82 85 92 104 109 115 120 132 139 142 150 163 170 171 183 193 206 207 215 218
SOL 6 9 17 18 33 43 53 54 61 74 82 85 92 104 109 115 120 132 139 142 150 163 170 171 181 191 206 207 215 218
SOL 6 9 17 18 34 37 45 55 61 71 75 84 92 96 106 118 128 132 140 149 153 163 169 179 187 190 206 207 215 218
SOL 6 9 17 18 34 37 55 59 61 71 75 84 92 96 106 118 128 132 140 149 153 163 165 169 187 190 206 207 215 218
SOL 6 9 17 21 31 41 54 56 61 74 82 85 92 104 109 115 120 132 139 142 150 163 168 170 183 193 203 207 215 218
SOL 6 9 17 23 41 44 49 52 61 71 77 84 94 104 106 118 120 130 140 147 153 163 172 175 180 183 201 207 215 218
SOL 6 9 17 25 33 43 46 51 71 74 82 84 92 104 109 115 120 132 140 142 150 153 173 178 181 191 199 207 215 218
SOL 6 9 17 25 40 43 45 59 66 72 78 84 93 97 106 118 127 131 140 146 152 158 165 179 181 184 199 207 215 218
SOL 6 9 17 28 36 39 45 48 71 73 75 82 94 100 107 117 124 130 142 149 151 153 176 179 185 188 196 207 215 218
SOL 6 9 18 21 32 34 49 57 67 71 75 88 95 104 106 118 120 129 136 149 153 157 167 175 190 192 203 206 215 218
SOL 6 9 18 21 37 41 46 55 61 74 80 87 90 92 109 115 132 134 137 144 150 163 169 178 183 187 203 206 215 218
SOL 6 9 18 24 32 34 55 59 61 72 75 81 97 103 108 116 121 127 143 149 152 163 165 169 190 192 200 206 215 218
SOL 6 9 18 24 33 37 55 59 61 62 85 88 92 96 105 119 128 132 136 139 162 163 165 169 187 191 200 206 215 218
SOL 6 9 18 24 37 40 47 59 61 73 83 85 90 92 108 116 132 134 139 141 151 163 165 177 184 187 200 206 215 218
SOL 6 9 18 25 31 32 51 58 69 72 75 78 97 104 109 115 120 127 146 149 152 155 166 173 192 193 199 206 215 218
SOL 6 9 18 26 34 42 45 54 64 67 87 88 103 104 111 113 120 121 136 137 157 160 170 179 182 190 198 206 215 218
SOL 6 9 18 27 34 42 54 58 61 67 75 79 101 104 111 113 120 123 145 149 157 163 166 170 182 190 197 206 215 218
SOL 6 9 18 28 37 41 49 58 69 74 77 81 102 104 109 115 120 122 143 147 150 155 166 175 183 187 196 206 215 218
SOL 6 9 19 21 37 41 46 56 60 64 87 88 92 95 105 119 129 132 136 137 160 164 168 178 183 187 203 205 215 218
SOL 6 9 19 21 41 42 47 59 64 71 76 82 103 104 110 114 120 121 142 148 153 160 165 177 182 183 203 205 215 218
SOL 6 9 19 23 33 43 46 49 67 72 78 80 102 104 105 119 120 122 144 146 152 157 175 178 181 191 201 205 215 218
SOL 6 9 19 24 36 41 47 59 62 74 82 86 91 103 109 115 121 133 138 142 150 162 165 177 183 188 200 205 215 218
SOL 6 9 19 25 33 39 46 58 71 74 77 82 92 104 111 113 120 132 142 147 150 153 166 178 185 191 199 205 215 218
SOL 6 9 19 25 35 42 46 52 71 72 75 76 101 104 111 113 120 123 148 149 152 153 172 178 182 189 199 205 215 218
SOL 6 9 19 25 37 43 47 56 71 74 76 77 96 104 110 114 120 128 147 148 150 153 168 177 181 187 199 205 215 218
SOL 6 9 19 26 30 34 47 51 73 74 84 87 91 97 108 116 127 133 137 140 150 151 173 177 190 194 198 205 215 218
SOL 6 9 19 26 36 41 47 59 62 74 80 82 91 103 109 115 121 133 142 144 150 162 165 177 183 188 198 205 215 218
SOL 6 9 20 22 33 42 49 58 71 72 75 83 103 104 109 115 120 121 141 149 152 153 166 175 182 191 202 204 215 218
SOL 6 9 20 29 38 42 45 57 63 64 78 82 91 103 109 115 121 133 142 146 160 161 167 179 182 186 195 204 215 218
SOL 6 9 21 27 39 41 47 49 61 64 82 88 90 104 108 116 120 134 136 142 160 163 175 177 183 185 197 203 215 218
SOL 6 9 22 25 30 42 55 58 66 72 75 76 93 99 108 116 125 131 148 149 152 158 166 169 182 194 199 202 215 218
SOL 6 9 23 27 39 41 47 49 61 64 82 88 90 104 108 116 120 134 136 142 160 163 175 177 183 185 197 201 215 218
SOL 6 9 24 26 32 34 49 51 61 73 75 87 97 104 108 116 120 127 137 149 151 163 173 175 190 192 198 200 215 218
SOL 6 9 24 26 37 40 47 59 61 73 83 85 90 92 108 116 132 134 139 141 151 163 165 177 184 187 198 200 215 218
SOL 6 9 24 28 32 34 49 51 60 61 75 87 97 101 108 116 123 127 137 149 163 164 173 175 190 192 196 200 215 218
SOL 6 9 24 28 33 38 49 57 61 64 82 87 101 104 105 119 120 123 137 142 160 163 167 175 186 191 196 200 215 218
SOL 6 9 25 26 32 34 47 51 71 74 82 88 95 104 106 118 120 129 136 142 150 153 173 177 190 192 198 199 215 218
SOL 6 9 25 26 32 35 47 49 71 74 82 88 98 104 106 118 120 126 136 142 150 153 175 177 189 192 198 199 215 218
SOL 6 9 25 26 32 39 47 49 71 74 82 88 98 104 106 118 120 126 136 142 150 153 175 177 185 192 198 199 215 218
SOL 6 9 26 28 32 36 52 54 61 62 79 85 101 104 105 119 120 123 139 145 162 163 170 172 188 192 196 198 215 218
SOL 6 9 26 28 32 36 52 54 61 62 85 89 101 104 109 115 120 123 135 139 162 163 170 172 188 192 196 198 215 218
SOL 6 9 26 28 32 36 52 54 62 73 79 85 101 104 105 119 120 123 139 145 151 162 170 172 188 192 196 198 215 218
SOL 6 9 26 29 32 36 52 54 61 62 85 88 101 104 109 115 120 123 136 139 162 163 170 172 188 192 195 198 215 218
SOL 6 9 27 28 34 39 45 47 68 71 79 82 101 104 106 118 120 123 142 145 153 156 177 179 185 190 196 197 215 218
SOL 6 10 15 18 37 40 48 54 61 73 84 87 92 104 111 113 120 132 137 140 151 163 170 176 184 187 206 209 214 218
SOL 6 10 15 22 39 41 47 51 60 64 76 88 99 101 107 117 123 125 136 148 160 164 173 177 183 185 202 209 214 218
SOL 6 10 15 24 34 36 56 58 61 65 82 87 92 93 105 119 131 132 137 142 159 163 166 168 188 190 200 209 214 218
SOL 6 10 16 18 31 44 54 56 66 67 79 87 99 104 107 117 120 125 137 145 157 158 168 170 180 193 206 208 214 218
SOL 6 10 16 18 39 42 45 55 60 63 82 83 92 95 106 118 129 132 141 142 161 164 169 179 182 185 206 208 214 218
SOL 6 10 16 21 33 40 46 52 65 72 75 87 93 99 105 119 125 131 137 149 152 159 172 178 184 191 203 208 214 218
SOL 6 10 16 22 33 35 45 57 68 72 85 89 91 95 108 116 129 133 135 139 152 156 167 179 189 191 202 208 214 218
SOL 6 10 17 19 39 41 47 51 71 74 82 84 91 104 106 118 120 133 140 142 150 153 173 177 183 185 205 207 214 218
SOL 6 10 17 20 39 41 46 55 60 63 82 89 91 96 107 117 128 133 135 142 161 164 169 178 183 185 204 207 214 218
SOL 6 10 17 21 42 44 46 49 67 69 76 78 99 104 108 116 120 125 146 148 155 157 175 178 180 182 203 207 214 218
SOL 6 10 17 22 39 41 55 58 60 63 84 89 91 96 107 117 128 133 135 140 161 164 166 169 183 185 202 207 214 218
SOL 6 10 17 23 33 39 45 48 61 73 82 84 100 104 107 117 120 124 140 142 151 163 176 179 185 191 201 207 214 218
SOL 6 10 17 25 39 41 47 51 71 74 82 84 91 104 106 118 120 133 140 142 150 153 173 177 183 185 199 207 214 218
SOL 6 10 17 27 37 40 48 54 60 73 78 84 103 104 111 113 120 121 140 146 151 164 170 176 184 187 197 207 214 218
SOL 6 10 17 29 33 39 50 51 71 74 76 82 91 100 107 117 124 133 142 148 150 153 173 174 185 191 195 207 214 218
SOL 6 10 17 29 37 40 48 54 61 73 77 84 101 104 111 113 120 123 140 147 151 163 170 176 184 187 195 207 214 218
SOL 6 10 18 19 36 39 46 57 67 71 80 89 90 91 107 117 133 134 135 144 153 157 167 178 185 188 205 206 214 218
SOL 6 10 18 21 35 41 47 50 61 70 88 89 97 104 107 117 120 127 135 136 154 163 174 177 183 189 203 206 214 218
SOL 6 10 18 29 37 40 48 54 61 73 84 87 92 104 111 113 120 132 137 140 151 163 170 176 184 187 195 206 214 218
SOL 6 10 19 20 36 42 46 57 67 71 80 89 91 101 105 119 123 133 135 144 153 157 167 178 182 188 204 205 214 218
SOL 6 10 19 21 30 31 54 57 72 73 78 80 97 101 105 119 123 127 144 146 151 152 167 170 193 194 203 205 214 218
SOL 6 10 19 21 31 43 54 56 60 62 78 80 97 104 107 117 120 127 144 146 162 164 168 170 181 193 203 205 214 218
SOL 6 10 20 26 32 36 54 56 67 73 77 79 103 104 105 119 120 121 145 147 151 157 168 170 188 192 198 204 214 218
SOL 6 10 21 24 39 44 46 48 67 70 77 78 103 104 107 117 120 121 146 147 154 157 176 178 180 185 200 203 214 218
SOL 6 10 21 25 31 43 45 50 60 72 78 84 93 97 107 117 127 131 140 146 152 164 174 179 181 193 199 203 214 218
SOL 6 10 21 25 41 43 47 50 61 74 82 84 92 93 105 119 131 132 140 142 150 163 174 177 181 183 199 203 214 218
SOL 6 10 21 26 35 41 45 46 62 70 88 89 95 97 107 117 127 129 135 136 154 162 178 179 183 189 198 203 214 218
SOL 6 10 21 26 35 41 47 50 61 70 76 89 97 104 107 117 120 127 135 148 154 163 174 177 183 189 198 203 214 218
SOL 6 10 21 26 35 41 47 50 61 70 88 89 97 104 107 117 120 127 135 136 154 163 174 177 183 189 198 203 214 218
SOL 6 10 22 27 32 33 50 59 66 69 76 89 91 93 109 115 131 133 135 148 155 158 165 174 191 192 197 202 214 218
SOL 6 10 22 28 33 40 47 50 62 71 88 89 96 99 105 119 125 128 135 136 153 162 174 177 184 191 196 202 214 218
SOL 6 10 23 27 31 35 50 59 70 72 76 78 97 101 105 119 123 127 146 148 152 154 165 174 189 193 197 201 214 218
SOL 6 10 23 27 33 39 45 48 61 73 82 84 100 104 107 117 120 124 140 142 151 163 176 179 185 191 197 201 214 218
SOL 6 10 26 28 32 36 52 54 71 73 77 79 95 104 105 119 120 129 145 147 151 153 170 172 188 192 196 198 214 218
SOL 6 11 15 24 31 34 51 54 60 64 82 88 92 101 107 117 123 132 136 142 160 164 170 173 190 193 200 209 213 218
SOL 6 11 15 24 34 43 51 54 60 64 82 88 92 101 107 117 123 132 136 142 160 164 170 173 181 190 200 209 213 218
SOL 6 11 16 19 35 38 55 56 60 62 75 88 95 97 107 117 127 129 136 149 162 164 168 169 186 189 205 208 213 218
SOL 6 11 16 22 31 41 49 51 69 72 75 77 94 104 110 114 120 130 147 149 152 155 173 175 183 193 202 208 213 218
SOL 6 11 16 28 36 39 49 52 71 74 77 79 99 104 107 117 120 125 145 147 150 153 172 175 185 188 196 208 213 218
SOL 6 11 17 22 34 39 55 58 60 63 84 89 91 96 107 117 128 133 135 140 161 164 166 169 185 190 202 207 213 218
SOL 6 11 19 22 34 41 47 58 66 72 88 89 95 99 105 119 125 129 135 136 152 158 166 177 183 190 202 205 213 218
SOL 6 11 19 25 31 37 56 57 60 66 77 80 91 104 110 114 120 133 144 147 158 164 167 168 187 193 199 205 213 218
SOL 6 11 19 25 33 36 46 52 69 72 88 89 90 99 107 117 125 134 135 136 152 155 172 178 188 191 199 205 213 218
SOL 6 11 19 25 33 36 52 58 69 72 88 89 90 99 107 117 125 134 135 136 152 155 166 172 188 191 199 205 213 218
SOL 6 11 19 25 37 43 56 57 60 66 77 80 91 104 110 114 120 133 144 147 158 164 167 168 181 187 199 205 213 218
SOL 6 11 19 28 35 41 52 58 62 66 75 79 95 104 107 117 120 129 145 149 158 162 166 172 183 189 196 205 213 218
SOL 6 11 19 28 41 44 52 58 62 66 75 79 95 99 107 117 125 129 145 149 158 162 166 172 180 183 196 205 213 218
SOL 6 11 19 29 36 42 47 49 60 69 82 88 91 93 110 114 131 133 136 142 155 164 175 177 182 188 195 205 213 218
SOL 6 11 20 21 32 35 46 58 70 72 75 78 97 104 109 115 120 127 146 149 152 154 166 178 189 192 203 204 213 218
SOL 6 11 20 22 36 42 45 47 71 74 79 85 91 103 110 114 121 133 139 145 150 153 177 179 182 188 202 204 213 218
SOL 6 11 20 23 32 43 52 58 69 70 77 79 101 104 105 119 120 123 145 147 154 155 166 172 181 192 201 204 213 218
SOL 6 11 20 29 38 40 50 52 61 72 77 85 101 103 105 119 121 123 139 147 152 163 172 174 184 186 195 204 213 218
SOL 6 11 21 25 32 43 47 50 61 74 82 84 93 100 105 119 124 131 140 142 150 163 174 177 181 192 199 203 213 218
SOL 6 11 21 27 39 41 47 49 61 64 82 88 90 104 110 114 120 134 136 142 160 163 175 177 183 185 197 203 213 218
SOL 6 11 22 25 36 41 46 49 60 74 77 80 99 103 107 117 121 125 144 147 150 164 175 178 183 188 199 202 213 218
SOL 6 11 22 25 36 41 49 58 60 74 77 80 99 103 107 117 121 125 144 147 150 164 166 175 183 188 199 202 213 218
SOL 6 11 22 27 31 34 45 50 71 73 84 89 96 100 107 117 124 128 135 140 151 153 174 179 190 193 197 202 213 218
SOL 6 11 22 28 34 41 47 58 64 66 77 89 95 99 105 119 125 129 135 147 158 160 166 177 183 190 196 202 213 218
SOL 6 11 23 24 32 43 52 58 69 70 77 79 101 104 105 119 120 123 145 147 154 155 166 172 181 192 200 201 213 218
SOL 6 12 16 19 35 41 52 55 66 72 75 76 95 101 105 119 123 129 148 149 152 158 169 172 183 189 205 208 212 218
SOL 6 12 16 19 36 39 57 58 67 69 75 78 90 94 108 116 130 134 146 149 155 157 166 167 185 188 205 208 212 218
SOL 6 12 16 28 35 38 50 55 60 63 75 78 97 100 107 117 124 127 146 149 161 164 169 174 186 189 196 208 212 218
SOL 6 12 18 21 33 42 52 54 61 64 85 88 99 104 105 119 120 125 136 139 160 163 170 172 182 191 203 206 212 218
SOL 6 12 18 24 37 43 45 54 61 64 79 87 98 101 105 119 123 126 137 145 160 163 170 179 181 187 200 206 212 218
SOL 6 12 19 22 35 41 46 55 66 72 75 76 95 101 105 119 123 129 148 149 152 158 169 178 183 189 202 205 212 218
SOL 6 12 19 23 33 35 46 52 70 72 76 89 95 101 105 119 123 129 135 148 152 154 172 178 189 191 201 205 212 218
SOL 6 12 20 22 36 41 45 47 61 74 79 85 101 103 110 114 121 123 139 145 150 163 177 179 183 188 202 204 212 218
SOL 6 12 20 25 32 36 46 50 67 71 85 89 91 93 105 119 131 133 135 139 153 157 174 178 188 192 199 204 212 218
SOL 6 12 21 22 33 40 50 56 61 62 85 89 99 103 105 119 121 125 135 139 162 163 168 174 184 191 202 203 212 218
SOL 6 12 21 24 32 34 50 56 61 74 85 89 93 97 106 118 127 131 135 139 150 163 168 174 190 192 200 203 212 218
SOL 6 12 21 25 32 41 50 52 61 74 84 85 93 103 105 119 121 131 139 140 150 163 172 174 183 192 199 203 212 218
SOL 6 12 22 24 33 34 50 57 71 73 75 79 91 96 105 119 128 133 145 149 151 153 167 174 190 191 200 202 212 218
SOL 6 13 15 24 32 36 50 52 70 71 75 77 101 103 109 115 121 123 147 149 153 154 172 174 188 192 200 209 211 218
SOL 6 13 19 20 38 41 49 52 72 73 75 77 101 104 110 114 120 123 147 149 151 152 172 175 183 186 204 205 211 218
SOL 6 13 19 25 35 38 56 58 60 62 78 80 97 104 107 117 120 127 144 146 162 164 166 168 186 189 199 205 211 218
SOL 6 13 19 26 31 37 51 54 64 74 84 87 92 101 105 119 123 132 137 140 150 160 170 173 187 193 198 205 211 218
SOL 6 13 19 26 37 43 51 54 64 74 84 87 92 101 105 119 123 132 137 140 150 160 170 173 181 187 198 205 211 218
SOL 6 13 20 21 33 41 52 54 72 73 75 77 94 104 109 115 120 130 147 149 151 152 170 172 183 191 203 204 211 218
SOL 6 13 22 24 32 33 49 51 73 74 77 85 101 104 110 114 120 123 139 147 150 151 173 175 191 192 200 202 211 218
SOL 6 13 24 25 33 36 45 57 63 70 75 82 91 92 110 114 132 133 142 149 154 161 167 179 188 191 199 200 211 218
SOL 6 14 17 19 38 44 47 55 67 69 76 78 101 103 110 114 121 123 146 148 155 157 169 177 180 186 205 207 210 218
SOL 6 14 19 21 37 43 47 49 62 71 80 86 103 104 110 114 120 121 138 144 153 162 175 177 181 187 203 205 210 218
SOL 6 14 20 22 32 41 49 55 61 72 75 81 91 93 110 114 131 133 143 149 152 163 169 175 183 192 202 204 210 218
SOL 6 14 22 24 32 41 49 55 61 72 75 81 91 93 110 114 131 133 143 149 152 163 169 175 183 192 200 202 210 218
SOL 7 8 15 17 40 41 45 53 69 70 76 78 102 103 110 114 121 122 146 148 154 155 171 179 183 184 207 209 216 217
SOL 7 8 15 17 40 41 53 59 69 70 76 78 102 103 110 114 121 122 146 148 154 155 165 171 183 184 207 209 216 217
SOL 7 8 18 20 31 35 45 47 70 73 85 87 90 96 108 116 128 134 137 139 151 154 177 179 189 193 204 206 216 217
SOL 7 8 18 24 33 34 54 57 64 73 75 87 90 91 111 113 133 134 137 149 151 160 167 170 190 191 200 206 216 217
SOL 7 8 18 27 38 40 47 50 61 63 80 89 90 103 109 115 121 134 135 144 161 163 174 177 184 186 197 206 216 217
SOL 7 8 19 24 42 44 46 47 64 69 83 86 90 91 108 116 133 134 138 141 155 160 177 178 180 182 200 205 216 217
SOL 7 8 19 25 36 44 46 48 62 74 84 86 91 95 107 117 129 133 138 140 150 162 176 178 180 188 199 205 216 217
SOL 7 8 19 27 41 44 46 49 61 65 80 86 98 104 107 117 120 126 138 144 159 163 175 178 180 183 197 205 216 217
SOL 7 8 19 28 32 34 53 58 65 69 86 89 90 92 108 116 132 134 135 138 155 159 166 171 190 192 196 205 216 217
SOL 7 8 19 28 39 41 47 53 63 64 88 89 90 102 110 114 122 134 135 136 160 161 171 177 183 185 196 205 216 217
SOL 7 8 20 26 31 35 45 47 70 73 85 87 90 96 108 116 128 134 137 139 151 154 177 179 189 193 198 204 216 217
SOL 7 8 20 27 31 35 53 57 70 73 75 78 90 94 108 116 130 134 146 149 151 154 167 171 189 193 197 204 216 217
SOL 7 8 20 28 41 44 47 48 68 69 77 79 103 104 109 115 120 121 145 147 155 156 176 177 180 183 196 204 216 217
SOL 7 8 23 25 32 35 56 58 65 74 76 86 90 92 109 115 132 134 138 148 150 159 166 168 189 192 199 201 216 217
SOL 7 8 25 26 32 35 47 53 65 70 75 76 90 103 108 116 121 134 148 149 154 159 171 177 189 192 198 199 216 217
SOL 7 8 25 26 32 35 47 53 65 70 75 88 90 103 108 116 121 134 136 149 154 159 171 177 189 192 198 199 216 217
SOL 7 8 25 27 33 39 45 50 66 72 76 85 90 91 108 116 133 134 139 148 152 158 174 179 185 191 197 199 216 217
SOL 7 8 25 28 32 34 53 58 65 69 86 89 90 92 108 116 132 134 135 138 155 159 166 171 190 192 196 199 216 217
SOL 7 8 25 28 32 35 55 58 65 74 81 86 90 92 108 116 132 134 138 143 150 159 166 169 189 192 196 199 216 217
SOL 7 8 26 27 32 35 53 59 65 70 76 85 90 103 108 116 121 134 139 148 154 159 165 171 189 192 197 198 216 217
SOL 7 8 26 27 32 35 53 59 65 70 85 88 90 103 108 116 121 134 136 139 154 159 165 171 189 192 197 198 216 217
SOL 7 8 26 28 31 35 48 54 60 66 85 89 92 94 107 117 130 132 135 139 158 164 170 176 189 193 196 198 216 217
SOL 7 9 17 23 33 35 56 57 60 64 83 88 90 94 106 118 130 134 136 141 160 164 167 168 189 191 201 207 215 217
SOL 7 9 18 20 40 44 47 53 61 70 77 81 90 103 108 116 121 134 143 147 154 163 171 177 180 184 204 206 215 217
SOL 7 9 18 21 32 44 51 55 69 73 76 78 90 92 109 115 132 134 146 148 151 155 169 173 180 192 203 206 215 217
SOL 7 9 18 21 41 42 53 55 61 74 76 80 90 92 109 115 132 134 144 148 150 163 169 171 182 183 203 206 215 217
SOL 7 9 18 26 32 36 49 57 61 74 81 84 103 104 109 115 120 121 140 143 150 163 167 175 188 192 198 206 215 217
SOL 7 9 19 20 30 32 56 59 62 68 79 83 91 101 106 118 123 133 141 145 156 162 165 168 192 194 204 205 215 217
SOL 7 9 19 21 30 32 51 56 60 69 86 88 92 94 106 118 130 132 136 138 155 164 168 173 192 194 203 205 215 217
SOL 7 9 19 23 30 32 53 56 60 69 86 88 92 94 106 118 130 132 136 138 155 164 168 171 192 194 201 205 215 217
SOL 7 9 19 23 30 33 49 57 69 72 76 78 90 96 106 118 128 134 146 148 152 155 167 175 191 194 201 205 215 217
SOL 7 9 19 23 30 33 49 57 69 72 76 86 98 104 106 118 120 126 138 148 152 155 167 175 191 194 201 205 215 217
SOL 7 9 19 23 34 44 47 56 69 72 78 83 90 91 106 118 133 134 141 146 152 155 168 177 180 190 201 205 215 217
SOL 7 9 19 24 32 40 53 59 62 63 75 86 98 103 106 118 121 126 138 149 161 162 165 171 184 192 200 205 215 217
SOL 7 9 19 27 36 41 54 59 60 62 86 88 98 103 109 115 121 126 136 138 162 164 165 170 183 188 197 205 215 217
SOL 7 9 20 26 30 34 51 57 64 74 83 87 91 101 106 118 123 133 137 141 150 160 167 173 190 194 198 204 215 217
SOL 7 9 21 25 30 32 51 59 69 71 86 88 92 94 106 118 130 132 136 138 153 155 165 173 192 194 199 203 215 217
SOL 7 9 21 25 42 44 48 53 65 74 76 78 100 102 106 118 122 124 146 148 150 159 171 176 180 182 199 203 215 217
SOL 7 9 23 25 31 35 53 58 70 72 75 78 90 92 108 116 132 134 146 149 152 154 166 171 189 193 199 201 215 217
SOL 7 9 23 29 32 34 53 56 60 69 86 88 92 94 106 118 130 132 136 138 155 164 168 171 190 192 195 201 215 217
SOL 7 9 24 26 30 34 47 51 63 73 83 87 100 104 106 118 120 124 137 141 151 161 173 177 190 194 198 200 215 217
SOL 7 9 24 26 30 34 51 57 64 74 83 87 91 101 106 118 123 133 137 141 150 160 167 173 190 194 198 200 215 217
SOL 7 9 24 26 33 40 57 59 61 62 81 83 90 94 106 118 130 134 141 143 162 163 165 167 184 191 198 200 215 217
SOL 7 9 24 28 30 34 47 51 63 73 83 87 100 104 108 116 120 124 137 141 151 161 173 177 190 194 196 200 215 217
SOL 7 9 24 28 33 34 47 55 72 74 78 83 90 96 106 118 128 134 141 146 150 152 169 177 190 191 196 200 215 217
SOL 7 9 25 27 30 35 53 55 72 74 76 78 93 96 106 118 128 131 146 148 150 152 169 171 189 194 197 199 215 217
SOL 7 9 25 29 33 35 51 55 72 74 76 78 96 102 106 118 122 128 146 148 150 152 169 173 189 191 195 199 215 217
SOL 7 9 26 28 33 35 57 59 62 64 81 83 90 94 106 118 130 134 141 143 160 162 165 167 189 191 196 198 215 217
SOL 7 9 26 28 34 35 53 57 60 62 81 85 103 104 108 116 120 121 139 143 162 164 167 171 189 190 196 198 215 217
SOL 7 10 17 27 33 38 45 55 68 73 78 84 90 91 110 114 133 134 140 146 151 156 169 179 186 191 197 207 214 217
SOL 7 10 17 29 36 39 53 58 61 64 84 86 90 93 107 117 131 134 138 140 160 163 166 171 185 188 195 207 214 217
SOL 7 10 18 21 40 43 47 54 61 74 84 89 92 93 111 113 131 132 135 140 150 163 170 177 181 184 203 206 214 217
SOL 7 10 18 21 40 43 48 54 61 62 84 89 92 104 111 113 120 132 135 140 162 163 170 176 181 184 203 206 214 217
SOL 7 10 18 24 39 42 46 47 61 64 83 86 90 104 111 113 120 134 138 141 160 163 177 178 182 185 200 206 214 217
SOL 7 10 19 20 32 43 51 53 71 73 75 78 90 102 110 114 122 134 146 149 151 153 171 173 181 192 204 205 214 217
SOL 7 10 19 23 30 32 51 57 69 73 78 84 90 91 108 116 133 134 140 146 151 155 167 173 192 194 201 205 214 217
SOL 7 10 19 23 32 44 51 57 69 73 78 84 90 91 108 116 133 134 140 146 151 155 167 173 180 192 201 205 214 217
SOL 7 10 19 27 32 33 51 59 68 73 78 84 90 91 110 114 133 134 140 146 151 156 165 173 191 192 197 205 214 217
SOL 7 10 19 27 33 36 51 57 73 74 78 84 90 91 110 114 133 134 140 146 150 151 167 173 188 191 197 205 214 217
SOL 7 10 20 21 42 43 47 54 61 64 86 89 93 104 111 113 120 131 135 138 160 163 170 177 181 182 203 204 214 217
SOL 7 10 20 26 31 35 47 51 70 73 75 87 90 96 108 116 128 134 137 149 151 154 173 177 189 193 198 204 214 217
SOL 7 10 20 26 35 38 47 48 70 73 75 83 103 104 107 117 120 121 141 149 151 154 176 177 186 189 198 204 214 217
SOL 7 10 21 24 42 43 47 54 61 64 86 89 93 104 111 113 120 131 135 138 160 163 170 177 181 182 200 203 214 217
SOL 7 10 21 27 39 41 47 48 61 74 81 84 100 104 106 118 120 124 140 143 150 163 176 177 183 185 197 203 214 217
SOL 7 10 23 27 35 41 46 53 61 74 84 86 100 104 107 117 120 124 138 140 150 163 171 178 183 189 197 201 214 217
SOL 7 10 25 27 36 42 48 51 61 69 86 89 91 104 110 114 120 133 135 138 155 163 173 176 182 188 197 199 214 217
SOL 7 10 27 29 36 39 53 58 61 64 84 86 90 93 107 117 131 134 138 140 160 163 166 171 185 188 195 197 214 217
SOL 7 11 17 20 30 40 51 57 61 71 81 84 90 94 106 118 130 134 140 143 153 163 167 173 184 194 204 207 213 217
SOL 7 11 17 20 40 43 50 53 70 74 77 78 90 103 111 113 121 134 146 147 150 154 171 174 181 184 204 207 213 217
SOL 7 11 17 25 30 35 51 58 69 70 76 78 96 104 107 117 120 128 146 148 154 155 166 173 189 194 199 207 213 217
SOL 7 11 19 20 35 41 53 55 72 74 75 88 92 96 106 118 128 132 136 149 150 152 169 171 183 189 204 205 213 217
SOL 7 11 19 24 34 36 46 47 69 71 88 89 90 96 107 117 128 134 135 136 153 155 177 178 188 190 200 205 213 217
SOL 7 11 20 28 30 40 51 55 65 74 77 78 96 102 106 118 122 128 146 147 150 159 169 173 184 194 196 204 213 217
SOL 7 11 20 28 32 40 53 54 62 63 85 89 103 104 111 113 120 121 135 139 161 162 170 171 184 192 196 204 213 217
SOL 7 11 21 23 33 42 54 58 60 61 80 89 92 94 109 115 130 132 135 144 163 164 166 170 182 191 201 203 213 217
SOL 7 11 21 23 41 42 46 50 61 74 80 89 92 100 109 115 124 132 135 144 150 163 174 178 182 183 201 203 213 217
SOL 7 11 23 24 33 34 54 57 60 64 88 89 91 92 111 113 132 133 135 136 160 164 167 170 190 191 200 201 213 217
SOL 7 12 19 20 32 38 49 58 71 73 75 89 95 98 108 116 126 129 135 149 151 153 166 175 186 192 204 205 212 217
SOL 7 12 19 23 38 42 46 48 65 74 76 86 95 104 109 115 120 129 138 148 150 159 176 178 182 186 201 205 212 217
SOL 7 12 19 27 33 34 51 54 60 73 78 84 103 104 111 113 120 121 140 146 151 164 170 173 190 191 197 205 212 217
SOL 7 13 17 24 39 44 49 51 62 64 86 89 98 101 106 118 123 126 135 138 160 162 173 175 180 185 200 207 211 217
SOL 7 13 18 25 35 38 48 53 60 72 76 85 102 104 110 114 120 122 139 148 152 164 171 176 186 189 199 206 211 217
SOL 7 13 19 21 39 41 45 53 62 64 86 88 90 92 110 114 132 134 136 138 160 162 171 179 183 185 203 205 211 217
SOL 7 13 19 21 39 42 46 51 64 69 86 89 102 104 108 116 120 122 135 138 155 160 173 178 182 185 203 205 211 217
SOL 7 13 19 23 35 40 53 59 69 72 76 78 90 102 108 116 122 134 146 148 152 155 165 171 184 189 201 205 211 217
SOL 7 13 20 25 31 40 47 50 71 74 77 89 96 98 108 116 126 128 135 147 150 153 174 177 184 193 199 204 211 217
SOL 8 9 16 18 31 42 50 52 68 72 75 85 90 93 109 115 131 134 139 149 152 156 172 174 182 193 206 208 215 216
SOL 8 9 16 27 30 35 47 59 67 68 85 86 91 94 108 116 130 133 138 139 156 157 165 177 189 194 197 208 215 216
SOL 8 9 17 19 36 42 49 54 60 73 82 88 93 101 105 119 123 131 136 142 151 164 170 175 182 188 205 207 215 216
SOL 8 9 17 27 33 35 51 55 70 73 76 82 90 104 108 116 120 134 142 148 151 154 169 173 189 191 197 207 215 216
SOL 8 9 18 19 32 34 51 58 72 74 75 76 95 97 108 116 127 129 148 149 150 152 166 173 190 192 205 206 215 216
SOL 8 9 18 24 41 44 52 59 61 64 77 81 91 100 107 117 124 133 143 147 160 163 165 172 180 183 200 206 215 216
SOL 8 9 18 25 32 34 51 58 72 74 75 76 95 97 108 116 127 129 148 149 150 152 166 173 190 192 199 206 215 216
SOL 8 9 18 27 34 38 52 54 61 64 75 87 91 93 105 119 131 133 137 149 160 163 170 172 186 190 197 206 215 216
SOL 8 9 18 28 30 33 52 54 68 73 77 79 102 104 109 115 120 122 145 147 151 156 170 172 191 194 196 206 215 216
SOL 8 9 18 29 38 42 52 54 61 64 85 87 91 93 105 119 131 133 137 139 160 163 170 172 182 186 195 206 215 216
SOL 8 9 19 20 33 37 57 58 70 74 77 78 90 91 111 113 133 134 146 147 150 154 166 167 187 191 204 205 215 216
SOL 8 9 19 21 42 43 48 54 73 74 82 85 92 93 105 119 131 132 139 142 150 151 170 176 181 182 203 205 215 216
SOL 8 9 19 22 32 34 51 58 72 74 75 76 95 101 108 116 123 129 148 149 150 152 166 173 190 192 202 205 215 216
SOL 8 9 19 23 33 35 57 58 70 72 76 78 90 97 105 119 127 134 146 148 152 154 166 167 189 191 201 205 215 216
SOL 8 9 19 24 33 37 46 57 70 74 77 78 90 91 111 113 133 134 146 147 150 154 167 178 187 191 200 205 215 216
SOL 8 9 19 24 33 37 57 58 70 74 77 78 90 91 111 113 133 134 146 147 150 154 166 167 187 191 200 205 215 216
SOL 8 9 19 27 31 33 52 54 64 68 87 88 90 93 105 119 131 134 136 137 156 160 170 172 191 193 197 205 215 216
SOL 8 9 19 27 33 42 51 54 64 74 76 86 91 97 105 119 127 133 138 148 150 160 170 173 182 191 197 205 215 216
SOL 8 9 19 27 33 42 51 54 64 74 86 88 91 97 105 119 127 133 136 138 150 160 170 173 182 191 197 205 215 216
SOL 8 9 19 27 34 36 46 48 72 74 84 86 91 97 105 119 127 133 138 140 150 152 176 178 188 190 197 205 215 216
SOL 8 9 19 27 35 41 46 52 60 64 87 88 98 101 105 119 123 126 136 137 160 164 172 178 183 189 197 205 215 216
SOL 8 9 19 28 32 34 53 58 67 69 86 89 90 92 108 116 132 134 135 138 155 157 166 171 190 192 196 205 215 216
SOL 8 9 20 21 41 42 46 52 61 64 85 87 90 93 105 119 131 134 137 139 160 163 172 178 182 183 203 204 215 216
SOL 8 9 20 22 30 42 49 55 62 74 83 86 91 103 108 116 121 133 138 141 150 162 169 175 182 194 202 204 215 216
SOL 8 9 20 26 33 34 51 57 70 74 75 77 91 97 106 118 127 133 147 149 150 154 167 173 190 191 198 204 215 216
SOL 8 9 21 24 41 42 46 52 61 64 85 87 90 93 105 119 131 134 137 139 160 163 172 178 182 183 200 203 215 216
SOL 8 9 22 25 32 34 45 58 63 72 75 76 95 98 108 116 126 129 148 149 152 161 166 179 190 192 199 202 215 216
SOL 8 9 23 28 32 34 49 59 69 72 76 86 97 101 105 119 123 127 138 148 152 155 165 175 190 192 196 201 215 216
SOL 8 9 24 26 33 34 51 57 70 74 75 77 91 97 106 118 127 133 147 149 150 154 167 173 190 191 198 200 215 216
SOL 8 9 25 29 32 34 45 51 63 72 84 86 91 97 106 118 127 133 138 140 152 161 173 179 190 192 195 199 215 216
SOL 8 9 25 29 34 36 46 48 72 74 84 86 91 97 107 117 127 133 138 140 150 152 176 178 188 190 195 199 215 216
SOL 8 9 27 28 32 34 53 58 65 67 75 86 90 94 108 116 130 134 138 149 157 159 166 171 190 192 196 197 215 216
SOL 8 10 15 20 35 36 46 48 70 72 86 89 91 97 107 117 127 133 135 138 152 154 176 178 188 189 204 209 214 216
SOL 8 10 16 22 33 35 45 57 68 72 85 89 91 95 108 116 129 133 135 139 152 156 167 179 189 191 202 208 214 216
SOL 8 10 16 22 33 38 56 58 60 65 75 77 99 100 107 117 124 125 147 149 159 164 166 168 186 191 202 208 214 216
SOL 8 10 16 28 35 37 55 59 63 65 83 87 90 92 108 116 132 134 137 141 159 161 165 169 187 189 196 208 214 216
SOL 8 10 17 19 31 36 46 57 67 69 86 89 90 101 110 114 123 134 135 138 155 157 167 178 188 193 205 207 214 216
SOL 8 10 17 19 31 36 56 57 67 69 86 89 90 91 110 114 133 134 135 138 155 157 167 168 188 193 205 207 214 216
SOL 8 10 17 19 33 36 45 57 60 73 80 82 101 103 110 114 121 123 142 144 151 164 167 179 188 191 205 207 214 216
SOL 8 10 17 20 39 41 46 55 60 63 82 89 91 96 107 117 128 133 135 142 161 164 169 178 183 185 204 207 214 216
SOL 8 10 18 19 37 43 54 57 68 74 77 84 101 103 105 119 121 123 140 147 150 156 167 170 181 187 205 206 214 216
SOL 8 10 18 20 42 44 48 54 61 67 79 81 102 103 105 119 121 122 143 145 157 163 170 176 180 182 204 206 214 216
SOL 8 10 18 25 37 43 48 53 72 74 76 89 92 99 110 114 125 132 135 148 150 152 171 176 181 187 199 206 214 216
SOL 8 10 18 26 35 36 47 55 61 73 87 89 90 97 110 114 127 134 135 137 151 163 169 177 188 189 198 206 214 216
SOL 8 10 18 27 31 36 47 55 67 73 84 89 90 93 110 114 131 134 135 140 151 157 169 177 188 193 197 206 214 216
SOL 8 10 19 22 31 41 51 59 62 63 84 89 91 102 110 114 122 133 135 140 161 162 165 173 183 193 202 205 214 216
SOL 8 10 19 22 33 43 48 57 68 74 84 87 91 95 105 119 129 133 137 140 150 156 167 176 181 191 202 205 214 216
SOL 8 10 19 23 32 41 46 58 63 67 84 89 92 95 105 119 129 132 135 140 157 161 166 178 183 192 201 205 214 216
SOL 8 10 19 27 31 36 46 47 67 69 86 89 90 101 110 114 123 134 135 138 155 157 177 178 188 193 197 205 214 216
SOL 8 10 20 21 31 37 45 57 70 73 78 87 90 93 110 114 131 134 137 146 151 154 167 179 187 193 203 204 214 216
SOL 8 10 20 22 33 42 45 55 62 73 83 89 101 103 110 114 121 123 135 141 151 162 169 179 182 191 202 204 214 216
SOL 8 10 20 22 33 43 47 55 73 74 77 89 93 96 110 114 128 131 135 147 150 151 169 177 181 191 202 204 214 216
SOL 8 10 20 22 33 43 48 57 68 70 75 87 91 95 105 119 129 133 137 149 154 156 167 176 181 191 202 204 214 216
SOL 8 10 20 25 33 43 45 53 72 74 77 78 91 97 110 114 127 133 146 147 150 152 171 179 181 191 199 204 214 216
SOL 8 10 20 25 35 36 46 48 72 74 86 89 91 97 107 117 127 133 135 138 150 152 176 178 188 189 199 204 214 216
SOL 8 10 20 25 37 43 45 57 68 74 77 78 101 103 110 114 121 123 146 147 150 156 167 179 181 187 199 204 214 216
SOL 8 10 20 26 33 43 45 53 62 64 87 89 97 103 110 114 121 127 135 137 160 162 171 179 181 191 198 204 214 216
SOL 8 10 20 27 31 43 47 53 64 74 82 89 93 101 110 114 123 131 135 142 150 160 171 177 181 193 197 204 214 216
SOL 8 10 20 27 33 35 55 56 61 73 82 89 90 96 107 117 128 134 135 142 151 163 168 169 189 191 197 204 214 216
SOL 8 10 21 22 30 33 55 57 73 74 84 87 91 93 110 114 131 133 137 140 150 151 167 169 191 194 202 203 214 216
SOL 8 10 21 22 31 33 55 57 61 74 84 87 90 93 110 114 131 134 137 140 150 163 167 169 191 193 202 203 214 216
SOL 8 10 21 22 31 33 55 57 73 74 84 87 90 93 110 114 131 134 137 140 150 151 167 169 191 193 202 203 214 216
SOL 8 10 21 24 31 37 45 57 70 73 78 87 90 93 110 114 131 134 137 146 151 154 167 179 187 193 200 203 214 216
SOL 8 10 21 26 37 43 45 55 63 65 87 88 90 92 110 114 132 134 136 137 159 161 169 179 181 187 198 203 214 216
SOL 8 10 22 23 30 33 55 57 60 73 77 84 91 93 110 114 131 133 140 147 151 164 167 169 191 194 201 202 214 216
SOL 8 10 22 24 32 33 55 58 62 73 81 89 90 93 110 114 131 134 135 143 151 162 166 169 191 192 200 202 214 216
SOL 8 10 22 24 32 33 55 58 63 73 77 89 90 98 110 114 126 134 135 147 151 161 166 169 191 192 200 202 214 216
SOL 8 10 22 24 32 33 55 58 63 73 87 89 90 98 110 114 126 134 135 137 151 161 166 169 191 192 200 202 214 216
SOL 8 10 22 24 43 44 49 54 60 71 77 81 101 103 107 117 121 123 143 147 153 164 170 175 180 181 200 202 214 216
SOL 8 10 22 27 33 38 45 59 72 73 79 84 91 93 110 114 131 133 140 145 151 152 165 179 186 191 197 202 214 216
SOL 8 10 22 29 33 38 45 57 72 73 79 84 91 93 110 114 131 133 140 145 151 152 167 179 186 191 195 202 214 216
SOL 8 10 23 25 32 33 45 57 60 63 82 84 91 103 110 114 121 133 140 142 161 164 167 179 191 192 199 201 214 216
SOL 8 10 25 29 30 32 47 51 63 69 82 84 91 93 106 118 131 133 140 142 155 161 173 177 192 194 195 199 214 216
SOL 8 10 25 29 32 35 47 53 63 69 82 88 90 93 106 118 131 134 136 142 155 161 171 177 189 192 195 199 214 216
SOL 8 10 26 28 35 38 46 57 63 67 85 89 90 95 107 117 129 134 135 139 157 161 167 178 186 189 196 198 214 216
SOL 8 11 15 16 35 37 49 57 68 74 85 88 92 93 110 114 131 132 136 139 150 156 167 175 187 189 208 209 213 216
SOL 8 11 15 20 38 40 47 50 70 73 77 82 93 103 105 119 121 131 142 147 151 154 174 177 184 186 204 209 213 216
SOL 8 11 15 21 40 41 45 50 70 73 80 82 102 103 107 117 121 122 142 144 151 154 174 179 183 184 203 209 213 216
SOL 8 11 15 28 35 37 49 57 68 74 85 88 92 93 110 114 131 132 136 139 150 156 167 175 187 189 196 209 213 216
SOL 8 11 16 22 31 35 45 57 68 72 85 89 94 95 108 116 129 130 135 139 152 156 167 179 189 193 202 208 213 216
SOL 8 11 16 22 39 42 49 55 60 62 83 89 91 93 110 114 131 133 135 141 162 164 169 175 182 185 202 208 213 216
SOL 8 11 16 22 39 42 49 55 62 74 83 89 91 93 110 114 131 133 135 141 150 162 169 175 182 185 202 208 213 216
SOL 8 11 17 20 35 38 46 55 60 63 82 85 90 103 107 117 121 134 139 142 161 164 169 178 186 189 204 207 213 216
SOL 8 11 17 28 38 39 49 57 64 74 82 89 91 93 110 114 131 133 135 142 150 160 167 175 185 186 196 207 213 216
SOL 8 11 19 23 31 43 54 57 60 63 80 82 92 94 105 119 130 132 142 144 161 164 167 170 181 193 201 205 213 216
SOL 8 11 19 25 36 37 45 57 62 65 86 88 90 91 110 114 133 134 136 138 159 162 167 179 187 188 199 205 213 216
SOL 8 11 19 27 33 35 53 54 60 64 76 82 90 103 107 117 121 134 142 148 160 164 170 171 189 191 197 205 213 216
SOL 8 11 19 27 33 35 53 54 60 64 82 88 90 103 107 117 121 134 136 142 160 164 170 171 189 191 197 205 213 216
SOL 8 11 19 27 35 41 46 52 64 65 87 88 90 98 105 119 126 134 136 137 159 160 172 178 183 189 197 205 213 216
SOL 8 11 19 27 35 41 52 58 64 65 87 88 90 98 105 119 126 134 136 137 159 160 166 172 183 189 197 205 213 216
SOL 8 11 20 23 33 40 45 50 61 73 82 85 90 102 107 117 122 134 139 142 151 163 174 179 184 191 201 204 213 216
SOL 8 11 20 23 33 42 55 57 61 64 82 89 90 91 110 114 133 134 135 142 160 163 167 169 182 191 201 204 213 216
SOL 8 11 20 27 35 41 49 52 61 72 75 89 94 98 106 118 126 130 135 149 152 163 172 175 183 189 197 204 213 216
SOL 8 11 22 29 32 38 49 55 73 74 77 84 93 103 110 114 121 131 140 147 150 151 169 175 186 192 195 202 213 216
SOL 8 11 22 29 34 38 45 49 62 71 80 84 91 103 107 117 121 133 140 144 153 162 175 179 186 190 195 202 213 216
SOL 8 11 23 24 31 34 52 57 61 65 77 86 90 100 105 119 124 134 138 147 159 163 167 172 190 193 200 201 213 216
SOL 8 11 24 29 34 36 52 54 62 71 77 89 91 103 109 115 121 133 135 147 153 162 170 172 188 190 195 200 213 216
SOL 8 11 25 28 35 36 48 49 72 74 76 89 97 99 107 117 125 127 135 148 150 152 175 176 188 189 196 199 213 216
SOL 8 12 16 17 37 39 46 56 65 74 83 86 90 94 109 115 130 134 138 141 150 159 168 178 185 187 207 208 212 216
SOL 8 12 18 19 37 43 54 57 61 63 79 80 98 104 105 119 120 126 144 145 161 163 167 170 181 187 205 206 212 216
SOL 8 12 18 20 31 42 50 52 63 74 83 85 90 91 109 115 133 134 139 141 150 161 172 174 182 193 204 206 212 216
SOL 8 12 18 21 39 44 45 49 62 64 76 88 97 99 108 116 125 127 136 148 160 162 175 179 180 185 203 206 212 216
SOL 8 12 18 23 35 37 48 50 70 74 87 88 90 91 109 115 133 134 136 137 150 154 174 176 187 189 201 206 212 216
SOL 8 12 19 21 39 41 45 46 62 64 88 89 95 97 108 116 127 129 135 136 160 162 178 179 183 185 203 205 212 216
SOL 8 12 19 22 31 35 55 57 63 66 84 89 90 103 108 116 121 134 135 140 158 161 167 169 189 193 202 205 212 216
SOL 8 12 19 23 33 42 52 54 60 73 79 80 91 101 105 119 123 133 144 145 151 164 170 172 182 191 201 205 212 216
SOL 8 12 20 22 38 43 45 48 63 65 75 87 100 103 109 115 121 124 137 149 159 161 176 179 181 186 202 204 212 216
SOL 8 12 20 23 31 33 50 52 70 74 75 87 91 93 109 115 131 133 137 149 150 154 172 174 191 193 201 204 212 216
SOL 8 12 20 23 31 33 52 54 70 74 75 87 91 93 109 115 131 133 137 149 150 154 170 172 191 193 201 204 212 216
SOL 8 12 20 24 34 44 49 53 61 71 75 77 97 103 108 116 121 127 147 149 153 163 171 175 180 190 200 204 212 216
SOL 8 12 21 25 31 35 48 56 69 74 76 89 92 97 109 115 127 132 135 148 150 155 168 176 189 193 199 203 212 216
SOL 8 12 22 24 33 34 54 57 71 73 75 79 91 98 105 119 126 133 145 149 151 153 167 170 190 191 200 202 212 216
SOL 8 12 22 25 33 43 45 49 62 68 80 88 99 101 105 119 123 125 136 144 156 162 175 179 181 191 199 202 212 216
SOL 8 12 23 28 33 35 48 57 65 67 76 85 100 104 105 119 120 124 139 148 157 159 167 176 189 191 196 201 212 216
SOL 8 13 15 19 33 36 54 55 60 62 80 82 101 103 107 117 121 123 142 144 162 164 169 170 188 191 205 209 211 216
SOL 8 13 15 25 32 41 50 51 60 63 82 84 102 103 109 115 121 122 140 142 161 164 173 174 183 192 199 209 211 216
SOL 8 13 19 24 32 34 53 58 67 69 86 89 90 92 108 116 132 134 135 138 155 157 166 171 190 192 200 205 211 216
SOL 8 13 19 25 31 35 48 53 72 74 84 86 90 97 107 117 127 134 138 140 150 152 171 176 189 193 199 205 211 216
SOL 8 13 19 25 36 39 46 48 72 74 84 86 90 97 107 117 127 134 138 140 150 152 176 178 185 188 199 205 211 216
SOL 8 13 22 25 33 40 45 46 65 74 77 80 98 101 107 117 123 126 144 147 150 159 178 179 184 191 199 202 211 216
SOL 8 14 16 18 34 39 51 55 72 74 76 77 95 97 108 116 127 129 147 148 150 152 169 173 185 190 206 208 210 216
SOL 8 14 16 23 35 40 50 59 61 63 85 86 97 102 107 117 122 127 138 139 161 163 165 174 184 189 201 208 210 216
SOL 8 14 17 19 37 39 49 53 62 74 76 78 99 103 108 116 121 125 146 148 150 162 171 175 185 187 205 207 210 216
SOL 8 14 17 19 37 39 49 53 72 74 76 78 99 103 108 116 121 125 146 148 150 152 171 175 185 187 205 207 210 216
SOL 8 14 17 19 38 44 47 55 67 69 76 78 101 103 110 114 121 123 146 148 155 157 169 177 180 186 205 207 210 216
SOL 8 14 17 20 33 35 55 58 60 64 82 83 101 103 107 117 121 123 141 142 160 164 166 169 189 191 204 207 210 216
SOL 8 14 18 20 34 38 52 54 61 73 85 87 93 104 107 117 120 131 137 139 151 163 170 172 186 190 204 206 210 216
SOL 8 14 19 25 33 35 53 57 60 63 80 82 102 103 106 118 121 122 142 144 161 164 167 171 189 191 199 205 210 216
SOL 8 14 19 25 37 39 46 51 62 69 76 86 102 104 108 116 120 122 138 148 155 162 173 178 185 187 199 205 210 216
SOL 8 14 20 22 31 39 46 48 60 63 83 85 94 102 107 117 122 130 139 141 161 164 176 178 185 193 202 204 210 216
SOL 8 14 20 22 38 40 46 48 60 63 85 87 95 103 107 117 121 129 137 139 161 164 176 178 184 186 202 204 210 216
SOL 8 14 20 22 38 41 47 49 61 71 77 89 94 103 110 114 121 130 135 147 153 163 175 177 183 186 202 204 210 216
SOL 8 14 20 22 38 41 47 49 71 73 75 77 94 103 110 114 121 130 147 149 151 153 175 177 183 186 202 204 210 216
SOL 8 14 22 24 32 41 49 55 61 62 81 89 91 93 110 114 131 133 135 143 162 163 169 175 183 192 200 202 210 216
SOL 8 14 23 27 33 34 54 55 61 63 80 82 90 91 107 117 133 134 142 144 161 163 169 170 190 191 197 201 210 216
SOL 9 10 16 21 34 42 51 59 63 71 82 87 99 104 106 118 120 125 137 142 153 161 165 173 182 190 203 208 214 215
SOL 9 10 16 25 35 42 51 52 71 72 75 76 101 104 111 113 120 123 148 149 152 153 172 173 182 189 199 208 214 215
SOL 9 10 16 28 30 37 54 55 63 66 86 87 92 104 111 113 120 132 137 138 158 161 169 170 187 194 196 208 214 215
SOL 9 10 17 19 30 36 57 59 68 71 80 82 101 103 106 118 121 123 142 144 153 156 165 167 188 194 205 207 214 215
SOL 9 10 17 19 36 42 45 59 68 71 80 82 101 103 106 118 121 123 142 144 153 156 165 179 182 188 205 207 214 215
SOL 9 10 17 20 36 44 48 56 67 73 77 85 91 104 111 113 120 133 139 147 151 157 168 176 180 188 204 207 214 215
SOL 9 10 17 27 33 43 51 53 64 74 76 82 101 104 110 114 120 123 142 148 150 160 171 173 181 191 197 207 214 215
SOL 9 10 17 29 33 35 52 55 72 73 76 78 96 98 105 119 126 128 146 148 151 152 169 172 189 191 195 207 214 215
SOL 9 10 18 19 36 42 57 59 67 68 78 80 91 103 105 119 121 133 144 146 156 157 165 167 182 188 205 206 214 215
SOL 9 10 18 21 37 40 48 54 73 74 76 77 92 104 111 113 120 132 147 148 150 151 170 176 184 187 203 206 214 215
SOL 9 10 18 22 32 39 55 59 63 66 76 89 91 92 111 113 132 133 135 148 158 161 165 169 185 192 202 206 214 215
SOL 9 10 18 22 39 42 55 59 63 66 76 89 91 92 111 113 132 133 135 148 158 161 165 169 182 185 202 206 214 215
SOL 9 10 18 28 37 39 48 57 60 66 81 85 90 92 106 118 132 134 139 143 158 164 167 176 185 187 196 206 214 215
SOL 9 10 19 22 32 44 51 56 62 69 78 88 90 91 111 113 133 134 136 146 155 162 168 173 180 192 202 205 214 215
SOL 9 10 19 27 33 36 46 51 72 74 84 86 91 97 105 119 127 133 138 140 150 152 173 178 188 191 197 205 214 215
SOL 9 10 20 27 36 40 46 48 73 74 82 83 101 104 107 117 120 123 141 142 150 151 176 178 184 188 197 204 214 215
SOL 9 10 20 28 37 40 45 48 63 73 83 87 92 104 111 113 120 132 137 141 151 161 176 179 184 187 196 204 214 215
SOL 9 10 20 28 37 40 48 59 63 73 77 83 92 104 111 113 120 132 141 147 151 161 165 176 184 187 196 204 214 215
SOL 9 10 21 27 31 35 47 53 64 67 76 86 90 104 108 116 120 134 138 148 157 160 171 177 189 193 197 203 214 215
SOL 9 10 21 28 31 41 51 59 63 64 82 87 102 104 110 114 120 122 137 142 160 161 165 173 183 193 196 203 214 215
SOL 9 10 25 27 33 35 47 51 71 74 76 82 96 104 106 118 120 128 142 148 150 153 173 177 189 191 197 199 214 215
SOL 9 11 15 23 33 38 55 57 61 64 76 82 102 104 110 114 120 122 142 148 160 163 167 169 186 191 201 209 213 215
SOL 9 11 16 19 37 43 49 56 66 68 75 77 102 104 110 114 120 122 147 149 156 158 168 175 181 187 205 208 213 215
SOL 9 11 17 21 30 35 55 56 66 67 85 88 90 92 106 118 132 134 136 139 157 158 168 169 189 194 203 207 213 215
SOL 9 11 17 21 34 38 49 57 61 74 82 84 93 104 106 118 120 131 140 142 150 163 167 175 186 190 203 207 213 215
SOL 9 11 18 19 37 39 45 49 66 72 75 88 92 96 106 118 128 132 136 149 152 158 175 179 185 187 205 206 213 215
SOL 9 11 18 24 34 42 52 55 61 72 75 83 90 96 106 118 128 134 141 149 152 163 169 172 182 190 200 206 213 215
SOL 9 11 19 21 32 36 49 57 60 74 82 88 99 101 106 118 123 125 136 142 150 164 167 175 188 192 203 205 213 215
SOL 9 11 19 22 39 42 55 58 62 66 75 89 91 96 108 116 128 133 135 149 158 162 166 169 182 185 202 205 213 215
SOL 9 11 19 29 34 36 47 57 68 74 80 82 91 101 106 118 123 133 142 144 150 156 167 177 188 190 195 205 213 215
SOL 9 11 20 21 32 36 46 49 71 74 87 89 94 97 106 118 127 130 135 137 150 153 175 178 188 192 203 204 213 215
SOL 9 11 20 21 32 43 47 51 67 74 78 85 90 94 106 118 130 134 139 146 150 157 173 177 181 192 203 204 213 215
SOL 9 11 20 21 36 42 46 49 71 74 87 89 94 97 106 118 127 130 135 137 150 153 175 178 182 188 203 204 213 215
SOL 9 11 20 22 34 38 45 58 71 73 75 77 98 100 107 117 124 126 147 149 151 153 166 179 186 190 202 204 213 215
SOL 9 11 20 22 34 44 47 55 68 74 83 87 91 93 106 118 131 133 137 141 150 156 169 177 180 190 202 204 213 215
SOL 9 11 21 22 34 44 55 57 68 74 84 87 91 93 106 118 131 133 137 140 150 156 167 169 180 190 202 203 213 215
SOL 9 11 21 29 30 32 49 51 67 69 86 88 92 94 106 118 130 132 136 138 155 157 173 175 192 194 195 203 213 215
SOL 9 11 22 25 38 43 49 58 63 72 75 80 98 104 107 117 120 126 144 149 152 161 166 175 181 186 199 202 213 215
SOL 9 12 18 24 32 34 52 53 61 63 75 81 100 104 106 118 120 124 143 149 161 163 171 172 190 192 200 206 212 215
SOL 9 12 19 21 32 34 54 59 71 73 75 76 97 98 108 116 126 127 148 149 151 153 165 170 190 192 203 205 212 215
SOL 9 12 22 29 31 34 53 54 63 64 87 88 93 98 105 119 126 131 136 137 160 161 170 171 190 193 195 202 212 215
SOL 9 13 15 21 39 42 49 51 64 67 76 86 102 104 108 116 120 122 138 148 157 160 173 175 182 185 203 209 211 215
SOL 9 13 19 21 32 41 54 59 63 66 75 82 102 103 109 115 121 122 142 149 158 161 165 170 183 192 203 205 211 215
SOL 9 13 21 23 34 35 55 59 62 67 86 88 92 104 108 116 120 132 136 138 157 162 165 169 189 190 201 203 211 215
SOL 9 13 21 23 39 42 47 49 64 67 76 86 90 104 108 116 120 134 138 148 157 160 175 177 182 185 201 203 211 215
SOL 9 14 19 21 32 34 51 57 63 71 82 88 95 104 106 118 120 129 136 142 153 161 167 173 190 192 203 205 210 215
SOL 9 14 19 23 33 35 55 57 63 66 76 82 102 104 106 118 120 122 142 148 158 161 167 169 189 191 201 205 210 215
SOL 9 14 21 26 32 34 49 51 67 71 75 88 92 95 106 118 129 132 136 149 153 157 173 175 190 192 198 203 210 215
SOL 10 11 17 27 34 37 53 54 60 61 80 86 103 104 111 113 120 121 138 144 163 164 170 171 187 190 197 207 213 214
SOL 10 11 19 21 33 43 51 57 60 73 82 84 90 102 110 114 122 134 140 142 151 164 167 173 181 191 203 205 213 214
SOL 10 11 21 23 33 34 54 57 61 67 88 89 90 92 110 114 132 134 135 136 157 163 167 170 190 191 201 203 213 214
SOL 10 11 21 23 33 34 57 58 61 67 80 89 90 92 110 114 132 134 135 144 157 163 166 167 190 191 201 203 213 214
SOL 10 11 21 23 33 42 55 57 60 61 80 82 90 91 110 114 133 134 142 144 163 164 167 169 182 191 201 203 213 214
SOL 10 11 22 23 32 44 45 55 63 73 83 84 91 92 110 114 132 133 140 141 151 161 169 179 180 192 201 202 213 214
SOL 10 11 22 28 32 38 55 58 60 63 77 83 95 104 110 114 120 129 141 147 161 164 166 169 186 192 196 202 213 214
SOL 10 12 18 21 34 37 48 54 61 73 81 84 92 104 105 119 120 132 140 143 151 163 170 176 187 190 203 206 212 214
SOL 10 12 19 23 33 39 53 57 60 63 80 82 90 91 106 118 133 134 142 144 161 164 167 171 185 191 201 205 212 214
SOL 10 12 20 22 38 42 48 50 63 68 75 89 91 103 109 115 121 133 135 149 156 161 174 176 182 186 202 204 212 214
SOL 10 12 20 22 38 42 48 50 68 71 75 89 91 103 109 115 121 133 135 149 153 156 174 176 182 186 202 204 212 214
SOL 10 12 20 22 38 42 48 50 68 73 75 79 91 93 105 119 131 133 145 149 151 156 174 176 182 186 202 204 212 214
SOL 10 12 20 22 38 42 48 50 68 73 75 79 101 103 105 119 121 123 145 149 151 156 174 176 182 186 202 204 212 214
SOL 10 12 20 22 38 42 48 50 68 73 75 89 91 93 109 115 131 133 135 149 151 156 174 176 182 186 202 204 212 214
SOL 10 12 20 22 38 42 48 50 68 73 79 89 91 101 105 119 123 133 135 145 151 156 174 176 182 186 202 204 212 214
SOL 10 12 21 22 33 39 51 59 62 71 76 89 99 100 106 118 124 125 135 148 153 162 165 173 185 191 202 203 212 214
SOL 10 12 21 22 39 41 51 59 62 71 84 89 91 100 106 118 124 133 135 140 153 162 165 173 183 185 202 203 212 214
SOL 10 13 15 21 36 42 47 55 61 67 80 86 90 101 110 114 123 134 138 144 157 163 169 177 182 188 203 209 211 214
SOL 10 13 15 21 37 40 51 57 63 73 78 84 90 102 110 114 122 134 140 146 151 161 167 173 184 187 203 209 211 214
SOL 10 13 17 20 37 38 45 51 70 72 76 78 101 104 110 114 120 123 146 148 152 154 173 179 186 187 204 207 211 214
SOL 10 13 18 21 37 40 48 54 62 73 84 89 92 104 111 113 120 132 135 140 151 162 170 176 184 187 203 206 211 214
SOL 10 13 18 23 37 39 47 58 63 70 77 83 90 104 110 114 120 134 141 147 154 161 166 177 185 187 201 206 211 214
SOL 10 13 20 21 31 37 47 55 68 74 78 87 90 93 110 114 131 134 137 146 150 156 169 177 187 193 203 204 211 214
SOL 10 13 20 22 38 40 47 50 71 73 77 89 93 96 105 119 128 131 135 147 151 153 174 177 184 186 202 204 211 214
SOL 10 13 20 24 37 41 47 51 60 70 77 81 101 104 106 118 120 123 143 147 154 164 173 177 183 187 200 204 211 214
SOL 10 13 20 27 37 38 45 51 70 72 76 78 101 104 110 114 120 123 146 148 152 154 173 179 186 187 197 204 211 214
SOL 10 13 21 22 33 41 53 59 61 62 80 89 92 100 110 114 124 132 135 144 162 163 165 171 183 191 202 203 211 214
SOL 10 13 23 25 32 35 51 59 63 71 82 84 102 104 106 118 120 122 140 142 153 161 165 173 189 192 199 201 211 214
SOL 10 14 16 20 35 40 46 52 62 71 81 87 93 104 111 113 120 131 137 143 153 162 172 178 184 189 204 208 210 214
SOL 10 14 16 21 31 39 50 55 60 63 82 83 93 102 107 117 122 131 141 142 161 164 169 174 185 193 203 208 210 214
SOL 10 14 20 23 31 34 50 52 61 63 83 87 101 104 107 117 120 123 137 141 161 163 172 174 190 193 201 204 210 214
SOL 10 14 20 23 31 40 50 52 61 63 83 87 101 104 107 117 120 123 137 141 161 163 172 174 184 193 201 204 210 214
SOL 11 12 19 20 32 38 49 52 71 73 75 89 91 98 110 114 126 133 135 149 151 153 172 175 186 192 204 205 212 213
SOL 11 12 19 21 35 37 46 57 64 68 88 89 95 104 108 116 120 129 135 136 156 160 167 178 187 189 203 205 212 213
SOL 11 13 19 20 36 38 45 47 62 64 86 89 97 103 110 114 121 127 135 138 160 162 177 179 186 188 204 205 211 213
SOL 11 13 19 21 36 37 45 47 62 64 84 86 90 103 110 114 121 134 138 140 160 162 177 179 187 188 203 205 211 213
SOL 11 13 21 22 30 32 49 51 73 74 84 85 92 93 110 114 131 132 139 140 150 151 173 175 192 194 202 203 211 213
SOL 11 13 21 22 32 40 49 51 73 74 75 84 92 93 110 114 131 132 140 149 150 151 173 175 184 192 202 203 211 213
SOL 11 13 21 24 36 43 47 54 62 64 79 82 90 93 105 119 131 134 142 145 160 162 170 177 181 188 200 203 211 213
SOL 11 14 16 19 37 38 49 54 69 72 77 78 103 104 111 113 120 121 146 147 152 155 170 175 186 187 205 208 210 213
SOL 12 14 20 22 33 35 53 55 60 62 81 85 93 103 106 118 121 131 139 143 162 164 169 171 189 191 202 204 210 212
SOL 12 14 20 23 31 33 50 53 61 71 82 85 90 102 109 115 122 134 139 142 153 163 171 174 191 193 201 204 210 212
SOL 12 14 20 23 31 33 50 53 61 71 82 85 102 104 109 115 120 122 139 142 153 163 171 174 191 193 201 204 210 212
SOL 12 14 20 24 41 44 49 52 62 64 81 83 91 101 106 118 123 133 141 143 160 162 172 175 180 183 200 204 210 212
SOL 12 14 21 22 34 44 53 57 63 64 76 88 95 99 108 116 125 129 136 148 160 161 167 171 180 190 202 203 210 212
TRACE n=15 group=rot2 order=1 nodes=51311689 solutions=1134 seconds=120.34 complete=1
